version,task_id,task,episode_index,initial_state_index,seed,success,timeout,policy_steps,replans,duration_seconds,video_server
v0,0,put both the alphabet soup and the tomato sauce in the basket,0,0,42,True,False,273,28,45.692529402906075,/mnt/data/vmo-ai-task/anhdh35/FastWAM/runs/loopwam_nt/v0_auto_eval_job4689/inference/videos/2026_10_06-07_26_16--episode=task0_trial0--success=True--task=put_both_the_alphabet_soup_and_the_tomato_sauce_in.mp4
v0,0,put both the alphabet soup and the tomato sauce in the basket,1,1,1042,True,False,273,28,46.63776053395122,/mnt/data/vmo-ai-task/anhdh35/FastWAM/runs/loopwam_nt/v0_auto_eval_job4689/inference/videos/2026_10_06-07_26_16--episode=task0_trial1--success=True--task=put_both_the_alphabet_soup_and_the_tomato_sauce_in.mp4
v0,0,put both the alphabet soup and the tomato sauce in the basket,2,2,2042,True,False,294,30,49.81347640696913,/mnt/data/vmo-ai-task/anhdh35/FastWAM/runs/loopwam_nt/v0_auto_eval_job4689/inference/videos/2026_10_06-07_26_16--episode=task0_trial2--success=True--task=put_both_the_alphabet_soup_and_the_tomato_sauce_in.mp4
v0,0,put both the alphabet soup and the tomato sauce in the basket,3,3,3042,True,False,267,27,44.77426519198343,/mnt/data/vmo-ai-task/anhdh35/FastWAM/runs/loopwam_nt/v0_auto_eval_job4689/inference/videos/2026_10_06-07_26_16--episode=task0_trial3--success=True--task=put_both_the_alphabet_soup_and_the_tomato_sauce_in.mp4
v0,0,put both the alphabet soup and the tomato sauce in the basket,4,4,4042,True,False,273,28,45.320394605980255,/mnt/data/vmo-ai-task/anhdh35/FastWAM/runs/loopwam_nt/v0_auto_eval_job4689/inference/videos/2026_10_06-07_26_16--episode=task0_trial4--success=True--task=put_both_the_alphabet_soup_and_the_tomato_sauce_in.mp4
v0,0,put both the alphabet soup and the tomato sauce in the basket,5,5,5042,True,False,249,25,41.7857562629506,/mnt/data/vmo-ai-task/anhdh35/FastWAM/runs/loopwam_nt/v0_auto_eval_job4689/inference/videos/2026_10_06-07_26_16--episode=task0_trial5--success=True--task=put_both_the_alphabet_soup_and_the_tomato_sauce_in.mp4
v0,0,put both the alphabet soup and the tomato sauce in the basket,6,6,6042,True,False,275,28,46.42783309600782,/mnt/data/vmo-ai-task/anhdh35/FastWAM/runs/loopwam_nt/v0_auto_eval_job4689/inference/videos/2026_10_06-07_26_16--episode=task0_trial6--success=True--task=put_both_the_alphabet_soup_and_the_tomato_sauce_in.mp4
v0,0,put both the alphabet soup and the tomato sauce in the basket,7,7,7042,False,True,700,70,105.31439244293142,/mnt/data/vmo-ai-task/anhdh35/FastWAM/runs/loopwam_nt/v0_auto_eval_job4689/inference/videos/2026_10_06-07_26_16--episode=task0_trial7--success=False--task=put_both_the_alphabet_soup_and_the_tomato_sauce_in.mp4
v0,0,put both the alphabet soup and the tomato sauce in the basket,8,8,8042,True,False,287,29,45.33102611906361,/mnt/data/vmo-ai-task/anhdh35/FastWAM/runs/loopwam_nt/v0_auto_eval_job4689/inference/videos/2026_10_06-07_26_16--episode=task0_trial8--success=True--task=put_both_the_alphabet_soup_and_the_tomato_sauce_in.mp4
v0,0,put both the alphabet soup and the tomato sauce in the basket,9,9,9042,True,False,266,27,41.59388938907068,/mnt/data/vmo-ai-task/anhdh35/FastWAM/runs/loopwam_nt/v0_auto_eval_job4689/inference/videos/2026_10_06-07_26_16--episode=task0_trial9--success=True--task=put_both_the_alphabet_soup_and_the_tomato_sauce_in.mp4
v0,1,put both the cream cheese box and the butter in the basket,0,0,100042,True,False,248,25,41.19201093004085,/mnt/data/vmo-ai-task/anhdh35/FastWAM/runs/loopwam_nt/v0_auto_eval_job4689/inference/videos/2026_10_06-07_26_16--episode=task1_trial0--success=True--task=put_both_the_cream_cheese_box_and_the_butter_in_th.mp4
v0,1,put both the cream cheese box and the butter in the basket,1,1,101042,True,False,259,26,42.12597565900069,/mnt/data/vmo-ai-task/anhdh35/FastWAM/runs/loopwam_nt/v0_auto_eval_job4689/inference/videos/2026_10_06-07_26_16--episode=task1_trial1--success=True--task=put_both_the_cream_cheese_box_and_the_butter_in_th.mp4
v0,1,put both the cream cheese box and the butter in the basket,2,2,102042,True,False,279,28,46.18542047298979,/mnt/data/vmo-ai-task/anhdh35/FastWAM/runs/loopwam_nt/v0_auto_eval_job4689/inference/videos/2026_10_06-07_26_16--episode=task1_trial2--success=True--task=put_both_the_cream_cheese_box_and_the_butter_in_th.mp4
v0,1,put both the cream cheese box and the butter in the basket,3,3,103042,True,False,238,24,40.50499613804277,/mnt/data/vmo-ai-task/anhdh35/FastWAM/runs/loopwam_nt/v0_auto_eval_job4689/inference/videos/2026_10_06-07_26_16--episode=task1_trial3--success=True--task=put_both_the_cream_cheese_box_and_the_butter_in_th.mp4
v0,1,put both the cream cheese box and the butter in the basket,4,4,104042,True,False,242,25,39.91806460998487,/mnt/data/vmo-ai-task/anhdh35/FastWAM/runs/loopwam_nt/v0_auto_eval_job4689/inference/videos/2026_10_06-07_26_16--episode=task1_trial4--success=True--task=put_both_the_cream_cheese_box_and_the_butter_in_th.mp4
v0,1,put both the cream cheese box and the butter in the basket,5,5,105042,True,False,250,25,42.218891447992064,/mnt/data/vmo-ai-task/anhdh35/FastWAM/runs/loopwam_nt/v0_auto_eval_job4689/inference/videos/2026_10_06-07_26_16--episode=task1_trial5--success=True--task=put_both_the_cream_cheese_box_and_the_butter_in_th.mp4
v0,1,put both the cream cheese box and the butter in the basket,6,6,106042,True,False,230,23,39.15623848896939,/mnt/data/vmo-ai-task/anhdh35/FastWAM/runs/loopwam_nt/v0_auto_eval_job4689/inference/videos/2026_10_06-07_26_16--episode=task1_trial6--success=True--task=put_both_the_cream_cheese_box_and_the_butter_in_th.mp4
v0,1,put both the cream cheese box and the butter in the basket,7,7,107042,True,False,231,24,39.174175101099536,/mnt/data/vmo-ai-task/anhdh35/FastWAM/runs/loopwam_nt/v0_auto_eval_job4689/inference/videos/2026_10_06-07_26_16--episode=task1_trial7--success=True--task=put_both_the_cream_cheese_box_and_the_butter_in_th.mp4
v0,1,put both the cream cheese box and the butter in the basket,8,8,108042,True,False,249,25,42.99107623798773,/mnt/data/vmo-ai-task/anhdh35/FastWAM/runs/loopwam_nt/v0_auto_eval_job4689/inference/videos/2026_10_06-07_26_16--episode=task1_trial8--success=True--task=put_both_the_cream_cheese_box_and_the_butter_in_th.mp4
v0,1,put both the cream cheese box and the butter in the basket,9,9,109042,True,False,234,24,39.56160787306726,/mnt/data/vmo-ai-task/anhdh35/FastWAM/runs/loopwam_nt/v0_auto_eval_job4689/inference/videos/2026_10_06-07_26_16--episode=task1_trial9--success=True--task=put_both_the_cream_cheese_box_and_the_butter_in_th.mp4
v0,2,turn on the stove and put the moka pot on it,0,0,200042,True,False,223,23,45.694007667014375,/mnt/data/vmo-ai-task/anhdh35/FastWAM/runs/loopwam_nt/v0_auto_eval_job4689/inference/videos/2026_10_06-07_26_16--episode=task2_trial0--success=True--task=turn_on_the_stove_and_put_the_moka_pot_on_it.mp4
v0,2,turn on the stove and put the moka pot on it,1,1,201042,True,False,223,23,46.39980601705611,/mnt/data/vmo-ai-task/anhdh35/FastWAM/runs/loopwam_nt/v0_auto_eval_job4689/inference/videos/2026_10_06-07_26_16--episode=task2_trial1--success=True--task=turn_on_the_stove_and_put_the_moka_pot_on_it.mp4
v0,2,turn on the stove and put the moka pot on it,2,2,202042,True,False,220,22,44.648453874047846,/mnt/data/vmo-ai-task/anhdh35/FastWAM/runs/loopwam_nt/v0_auto_eval_job4689/inference/videos/2026_10_06-07_26_16--episode=task2_trial2--success=True--task=turn_on_the_stove_and_put_the_moka_pot_on_it.mp4
v0,2,turn on the stove and put the moka pot on it,3,3,203042,True,False,240,24,48.305474129039794,/mnt/data/vmo-ai-task/anhdh35/FastWAM/runs/loopwam_nt/v0_auto_eval_job4689/inference/videos/2026_10_06-07_26_16--episode=task2_trial3--success=True--task=turn_on_the_stove_and_put_the_moka_pot_on_it.mp4
v0,2,turn on the stove and put the moka pot on it,4,4,204042,True,False,232,24,47.84795831597876,/mnt/data/vmo-ai-task/anhdh35/FastWAM/runs/loopwam_nt/v0_auto_eval_job4689/inference/videos/2026_10_06-07_26_16--episode=task2_trial4--success=True--task=turn_on_the_stove_and_put_the_moka_pot_on_it.mp4
v0,2,turn on the stove and put the moka pot on it,5,5,205042,True,False,221,23,45.72841400199104,/mnt/data/vmo-ai-task/anhdh35/FastWAM/runs/loopwam_nt/v0_auto_eval_job4689/inference/videos/2026_10_06-07_26_16--episode=task2_trial5--success=True--task=turn_on_the_stove_and_put_the_moka_pot_on_it.mp4
v0,2,turn on the stove and put the moka pot on it,6,6,206042,True,False,231,24,46.85699157894123,/mnt/data/vmo-ai-task/anhdh35/FastWAM/runs/loopwam_nt/v0_auto_eval_job4689/inference/videos/2026_10_06-07_26_16--episode=task2_trial6--success=True--task=turn_on_the_stove_and_put_the_moka_pot_on_it.mp4
v0,2,turn on the stove and put the moka pot on it,7,7,207042,True,False,228,23,46.8212921039667,/mnt/data/vmo-ai-task/anhdh35/FastWAM/runs/loopwam_nt/v0_auto_eval_job4689/inference/videos/2026_10_06-07_26_16--episode=task2_trial7--success=True--task=turn_on_the_stove_and_put_the_moka_pot_on_it.mp4
v0,2,turn on the stove and put the moka pot on it,8,8,208042,True,False,248,25,50.51906401303131,/mnt/data/vmo-ai-task/anhdh35/FastWAM/runs/loopwam_nt/v0_auto_eval_job4689/inference/videos/2026_10_06-07_26_16--episode=task2_trial8--success=True--task=turn_on_the_stove_and_put_the_moka_pot_on_it.mp4
v0,2,turn on the stove and put the moka pot on it,9,9,209042,True,False,234,24,48.98792721296195,/mnt/data/vmo-ai-task/anhdh35/FastWAM/runs/loopwam_nt/v0_auto_eval_job4689/inference/videos/2026_10_06-07_26_16--episode=task2_trial9--success=True--task=turn_on_the_stove_and_put_the_moka_pot_on_it.mp4
v0,3,put the black bowl in the bottom drawer of the cabinet and close it,0,0,300042,True,False,216,22,33.66578111494891,/mnt/data/vmo-ai-task/anhdh35/FastWAM/runs/loopwam_nt/v0_auto_eval_job4689/inference/videos/2026_10_06-07_26_16--episode=task3_trial0--success=True--task=put_the_black_bowl_in_the_bottom_drawer_of_the_cab.mp4
v0,3,put the black bowl in the bottom drawer of the cabinet and close it,1,1,301042,True,False,203,21,31.577939039911143,/mnt/data/vmo-ai-task/anhdh35/FastWAM/runs/loopwam_nt/v0_auto_eval_job4689/inference/videos/2026_10_06-07_26_16--episode=task3_trial1--success=True--task=put_the_black_bowl_in_the_bottom_drawer_of_the_cab.mp4
v0,3,put the black bowl in the bottom drawer of the cabinet and close it,2,2,302042,True,False,251,26,36.83788008801639,/mnt/data/vmo-ai-task/anhdh35/FastWAM/runs/loopwam_nt/v0_auto_eval_job4689/inference/videos/2026_10_06-07_26_16--episode=task3_trial2--success=True--task=put_the_black_bowl_in_the_bottom_drawer_of_the_cab.mp4
v0,3,put the black bowl in the bottom drawer of the cabinet and close it,3,3,303042,True,False,229,23,34.35474570794031,/mnt/data/vmo-ai-task/anhdh35/FastWAM/runs/loopwam_nt/v0_auto_eval_job4689/inference/videos/2026_10_06-07_26_16--episode=task3_trial3--success=True--task=put_the_black_bowl_in_the_bottom_drawer_of_the_cab.mp4
v0,3,put the black bowl in the bottom drawer of the cabinet and close it,4,4,304042,True,False,221,23,33.649468405987136,/mnt/data/vmo-ai-task/anhdh35/FastWAM/runs/loopwam_nt/v0_auto_eval_job4689/inference/videos/2026_10_06-07_26_16--episode=task3_trial4--success=True--task=put_the_black_bowl_in_the_bottom_drawer_of_the_cab.mp4
v0,3,put the black bowl in the bottom drawer of the cabinet and close it,5,5,305042,True,False,258,26,39.07676204305608,/mnt/data/vmo-ai-task/anhdh35/FastWAM/runs/loopwam_nt/v0_auto_eval_job4689/inference/videos/2026_10_06-07_26_16--episode=task3_trial5--success=True--task=put_the_black_bowl_in_the_bottom_drawer_of_the_cab.mp4
v0,3,put the black bowl in the bottom drawer of the cabinet and close it,6,6,306042,True,False,201,21,31.119867976987734,/mnt/data/vmo-ai-task/anhdh35/FastWAM/runs/loopwam_nt/v0_auto_eval_job4689/inference/videos/2026_10_06-07_26_16--episode=task3_trial6--success=True--task=put_the_black_bowl_in_the_bottom_drawer_of_the_cab.mp4
v0,3,put the black bowl in the bottom drawer of the cabinet and close it,7,7,307042,True,False,199,20,30.758399274898693,/mnt/data/vmo-ai-task/anhdh35/FastWAM/runs/loopwam_nt/v0_auto_eval_job4689/inference/videos/2026_10_06-07_26_16--episode=task3_trial7--success=True--task=put_the_black_bowl_in_the_bottom_drawer_of_the_cab.mp4
v0,3,put the black bowl in the bottom drawer of the cabinet and close it,8,8,308042,True,False,225,23,33.61490119504742,/mnt/data/vmo-ai-task/anhdh35/FastWAM/runs/loopwam_nt/v0_auto_eval_job4689/inference/videos/2026_10_06-07_26_16--episode=task3_trial8--success=True--task=put_the_black_bowl_in_the_bottom_drawer_of_the_cab.mp4
v0,3,put the black bowl in the bottom drawer of the cabinet and close it,9,9,309042,True,False,198,20,30.608755898079835,/mnt/data/vmo-ai-task/anhdh35/FastWAM/runs/loopwam_nt/v0_auto_eval_job4689/inference/videos/2026_10_06-07_26_16--episode=task3_trial9--success=True--task=put_the_black_bowl_in_the_bottom_drawer_of_the_cab.mp4
v0,4,put the white mug on the left plate and put the yellow and white mug on the right plate,0,0,400042,True,False,229,23,27.67254189401865,/mnt/data/vmo-ai-task/anhdh35/FastWAM/runs/loopwam_nt/v0_auto_eval_job4689/inference/videos/2026_10_06-07_26_16--episode=task4_trial0--success=True--task=put_the_white_mug_on_the_left_plate_and_put_the_ye.mp4
v0,4,put the white mug on the left plate and put the yellow and white mug on the right plate,1,1,401042,True,False,229,23,26.901940924930386,/mnt/data/vmo-ai-task/anhdh35/FastWAM/runs/loopwam_nt/v0_auto_eval_job4689/inference/videos/2026_10_06-07_26_16--episode=task4_trial1--success=True--task=put_the_white_mug_on_the_left_plate_and_put_the_ye.mp4
v0,4,put the white mug on the left plate and put the yellow and white mug on the right plate,2,2,402042,True,False,212,22,25.782620832906105,/mnt/data/vmo-ai-task/anhdh35/FastWAM/runs/loopwam_nt/v0_auto_eval_job4689/inference/videos/2026_10_06-07_26_16--episode=task4_trial2--success=True--task=put_the_white_mug_on_the_left_plate_and_put_the_ye.mp4
v0,4,put the white mug on the left plate and put the yellow and white mug on the right plate,3,3,403042,True,False,233,24,27.476065983064473,/mnt/data/vmo-ai-task/anhdh35/FastWAM/runs/loopwam_nt/v0_auto_eval_job4689/inference/videos/2026_10_06-07_26_16--episode=task4_trial3--success=True--task=put_the_white_mug_on_the_left_plate_and_put_the_ye.mp4
v0,4,put the white mug on the left plate and put the yellow and white mug on the right plate,4,4,404042,True,False,222,23,26.926861193962395,/mnt/data/vmo-ai-task/anhdh35/FastWAM/runs/loopwam_nt/v0_auto_eval_job4689/inference/videos/2026_10_06-07_26_16--episode=task4_trial4--success=True--task=put_the_white_mug_on_the_left_plate_and_put_the_ye.mp4
v0,4,put the white mug on the left plate and put the yellow and white mug on the right plate,5,5,405042,True,False,246,25,29.37151546298992,/mnt/data/vmo-ai-task/anhdh35/FastWAM/runs/loopwam_nt/v0_auto_eval_job4689/inference/videos/2026_10_06-07_26_16--episode=task4_trial5--success=True--task=put_the_white_mug_on_the_left_plate_and_put_the_ye.mp4
v0,4,put the white mug on the left plate and put the yellow and white mug on the right plate,6,6,406042,True,False,237,24,27.550718509941362,/mnt/data/vmo-ai-task/anhdh35/FastWAM/runs/loopwam_nt/v0_auto_eval_job4689/inference/videos/2026_10_06-07_26_16--episode=task4_trial6--success=True--task=put_the_white_mug_on_the_left_plate_and_put_the_ye.mp4
v0,4,put the white mug on the left plate and put the yellow and white mug on the right plate,7,7,407042,False,True,700,70,69.59276753501035,/mnt/data/vmo-ai-task/anhdh35/FastWAM/runs/loopwam_nt/v0_auto_eval_job4689/inference/videos/2026_10_06-07_26_16--episode=task4_trial7--success=False--task=put_the_white_mug_on_the_left_plate_and_put_the_ye.mp4
v0,4,put the white mug on the left plate and put the yellow and white mug on the right plate,8,8,408042,True,False,211,22,25.10421866190154,/mnt/data/vmo-ai-task/anhdh35/FastWAM/runs/loopwam_nt/v0_auto_eval_job4689/inference/videos/2026_10_06-07_26_16--episode=task4_trial8--success=True--task=put_the_white_mug_on_the_left_plate_and_put_the_ye.mp4
v0,4,put the white mug on the left plate and put the yellow and white mug on the right plate,9,9,409042,True,False,230,23,26.21487458201591,/mnt/data/vmo-ai-task/anhdh35/FastWAM/runs/loopwam_nt/v0_auto_eval_job4689/inference/videos/2026_10_06-07_26_16--episode=task4_trial9--success=True--task=put_the_white_mug_on_the_left_plate_and_put_the_ye.mp4
v0,5,pick up the book and place it in the back compartment of the caddy,0,0,500042,True,False,183,19,24.10382560302969,/mnt/data/vmo-ai-task/anhdh35/FastWAM/runs/loopwam_nt/v0_auto_eval_job4689/inference/videos/2026_10_06-07_26_16--episode=task5_trial0--success=True--task=pick_up_the_book_and_place_it_in_the_back_compartm.mp4
v0,5,pick up the book and place it in the back compartment of the caddy,1,1,501042,True,False,189,19,24.865602809935808,/mnt/data/vmo-ai-task/anhdh35/FastWAM/runs/loopwam_nt/v0_auto_eval_job4689/inference/videos/2026_10_06-07_26_16--episode=task5_trial1--success=True--task=pick_up_the_book_and_place_it_in_the_back_compartm.mp4
v0,5,pick up the book and place it in the back compartment of the caddy,2,2,502042,True,False,175,18,22.82343407708686,/mnt/data/vmo-ai-task/anhdh35/FastWAM/runs/loopwam_nt/v0_auto_eval_job4689/inference/videos/2026_10_06-07_26_16--episode=task5_trial2--success=True--task=pick_up_the_book_and_place_it_in_the_back_compartm.mp4
v0,5,pick up the book and place it in the back compartment of the caddy,3,3,503042,True,False,165,17,22.485297632054426,/mnt/data/vmo-ai-task/anhdh35/FastWAM/runs/loopwam_nt/v0_auto_eval_job4689/inference/videos/2026_10_06-07_26_16--episode=task5_trial3--success=True--task=pick_up_the_book_and_place_it_in_the_back_compartm.mp4
v0,5,pick up the book and place it in the back compartment of the caddy,4,4,504042,True,False,178,18,24.337294541066512,/mnt/data/vmo-ai-task/anhdh35/FastWAM/runs/loopwam_nt/v0_auto_eval_job4689/inference/videos/2026_10_06-07_26_16--episode=task5_trial4--success=True--task=pick_up_the_book_and_place_it_in_the_back_compartm.mp4
v0,5,pick up the book and place it in the back compartment of the caddy,5,5,505042,True,False,176,18,23.502978750970215,/mnt/data/vmo-ai-task/anhdh35/FastWAM/runs/loopwam_nt/v0_auto_eval_job4689/inference/videos/2026_10_06-07_26_16--episode=task5_trial5--success=True--task=pick_up_the_book_and_place_it_in_the_back_compartm.mp4
v0,5,pick up the book and place it in the back compartment of the caddy,6,6,506042,True,False,183,19,23.877575414953753,/mnt/data/vmo-ai-task/anhdh35/FastWAM/runs/loopwam_nt/v0_auto_eval_job4689/inference/videos/2026_10_06-07_26_16--episode=task5_trial6--success=True--task=pick_up_the_book_and_place_it_in_the_back_compartm.mp4
v0,5,pick up the book and place it in the back compartment of the caddy,7,7,507042,True,False,153,16,20.877510925987735,/mnt/data/vmo-ai-task/anhdh35/FastWAM/runs/loopwam_nt/v0_auto_eval_job4689/inference/videos/2026_10_06-07_26_16--episode=task5_trial7--success=True--task=pick_up_the_book_and_place_it_in_the_back_compartm.mp4
v0,5,pick up the book and place it in the back compartment of the caddy,8,8,508042,True,False,177,18,23.13956459495239,/mnt/data/vmo-ai-task/anhdh35/FastWAM/runs/loopwam_nt/v0_auto_eval_job4689/inference/videos/2026_10_06-07_26_16--episode=task5_trial8--success=True--task=pick_up_the_book_and_place_it_in_the_back_compartm.mp4
v0,5,pick up the book and place it in the back compartment of the caddy,9,9,509042,True,False,179,18,23.273945424938574,/mnt/data/vmo-ai-task/anhdh35/FastWAM/runs/loopwam_nt/v0_auto_eval_job4689/inference/videos/2026_10_06-07_26_16--episode=task5_trial9--success=True--task=pick_up_the_book_and_place_it_in_the_back_compartm.mp4
v0,6,put the white mug on the plate and put the chocolate pudding to the right of the plate,0,0,600042,True,False,224,23,25.43565415998455,/mnt/data/vmo-ai-task/anhdh35/FastWAM/runs/loopwam_nt/v0_auto_eval_job4689/inference/videos/2026_10_06-07_26_16--episode=task6_trial0--success=True--task=put_the_white_mug_on_the_plate_and_put_the_chocola.mp4
v0,6,put the white mug on the plate and put the chocolate pudding to the right of the plate,1,1,601042,True,False,225,23,26.265899531077594,/mnt/data/vmo-ai-task/anhdh35/FastWAM/runs/loopwam_nt/v0_auto_eval_job4689/inference/videos/2026_10_06-07_26_16--episode=task6_trial1--success=True--task=put_the_white_mug_on_the_plate_and_put_the_chocola.mp4
v0,6,put the white mug on the plate and put the chocolate pudding to the right of the plate,2,2,602042,True,False,220,22,25.719687888980843,/mnt/data/vmo-ai-task/anhdh35/FastWAM/runs/loopwam_nt/v0_auto_eval_job4689/inference/videos/2026_10_06-07_26_16--episode=task6_trial2--success=True--task=put_the_white_mug_on_the_plate_and_put_the_chocola.mp4
v0,6,put the white mug on the plate and put the chocolate pudding to the right of the plate,3,3,603042,True,False,235,24,26.94312794401776,/mnt/data/vmo-ai-task/anhdh35/FastWAM/runs/loopwam_nt/v0_auto_eval_job4689/inference/videos/2026_10_06-07_26_16--episode=task6_trial3--success=True--task=put_the_white_mug_on_the_plate_and_put_the_chocola.mp4
v0,6,put the white mug on the plate and put the chocolate pudding to the right of the plate,4,4,604042,True,False,223,23,26.223858760902658,/mnt/data/vmo-ai-task/anhdh35/FastWAM/runs/loopwam_nt/v0_auto_eval_job4689/inference/videos/2026_10_06-07_26_16--episode=task6_trial4--success=True--task=put_the_white_mug_on_the_plate_and_put_the_chocola.mp4
v0,6,put the white mug on the plate and put the chocolate pudding to the right of the plate,5,5,605042,True,False,216,22,25.123632211005315,/mnt/data/vmo-ai-task/anhdh35/FastWAM/runs/loopwam_nt/v0_auto_eval_job4689/inference/videos/2026_10_06-07_26_16--episode=task6_trial5--success=True--task=put_the_white_mug_on_the_plate_and_put_the_chocola.mp4
v0,6,put the white mug on the plate and put the chocolate pudding to the right of the plate,6,6,606042,True,False,263,27,30.134855621960014,/mnt/data/vmo-ai-task/anhdh35/FastWAM/runs/loopwam_nt/v0_auto_eval_job4689/inference/videos/2026_10_06-07_26_16--episode=task6_trial6--success=True--task=put_the_white_mug_on_the_plate_and_put_the_chocola.mp4
v0,6,put the white mug on the plate and put the chocolate pudding to the right of the plate,7,7,607042,True,False,260,26,29.417730485089123,/mnt/data/vmo-ai-task/anhdh35/FastWAM/runs/loopwam_nt/v0_auto_eval_job4689/inference/videos/2026_10_06-07_26_16--episode=task6_trial7--success=True--task=put_the_white_mug_on_the_plate_and_put_the_chocola.mp4
v0,6,put the white mug on the plate and put the chocolate pudding to the right of the plate,8,8,608042,True,False,199,20,23.251497993944213,/mnt/data/vmo-ai-task/anhdh35/FastWAM/runs/loopwam_nt/v0_auto_eval_job4689/inference/videos/2026_10_06-07_26_16--episode=task6_trial8--success=True--task=put_the_white_mug_on_the_plate_and_put_the_chocola.mp4
v0,6,put the white mug on the plate and put the chocolate pudding to the right of the plate,9,9,609042,True,False,224,23,26.005253592971712,/mnt/data/vmo-ai-task/anhdh35/FastWAM/runs/loopwam_nt/v0_auto_eval_job4689/inference/videos/2026_10_06-07_26_16--episode=task6_trial9--success=True--task=put_the_white_mug_on_the_plate_and_put_the_chocola.mp4
v0,7,put both the alphabet soup and the cream cheese box in the basket,0,0,700042,True,False,220,22,31.861784612061456,/mnt/data/vmo-ai-task/anhdh35/FastWAM/runs/loopwam_nt/v0_auto_eval_job4689/inference/videos/2026_10_06-07_26_16--episode=task7_trial0--success=True--task=put_both_the_alphabet_soup_and_the_cream_cheese_bo.mp4
v0,7,put both the alphabet soup and the cream cheese box in the basket,1,1,701042,True,False,232,24,33.29558439494576,/mnt/data/vmo-ai-task/anhdh35/FastWAM/runs/loopwam_nt/v0_auto_eval_job4689/inference/videos/2026_10_06-07_26_16--episode=task7_trial1--success=True--task=put_both_the_alphabet_soup_and_the_cream_cheese_bo.mp4
v0,7,put both the alphabet soup and the cream cheese box in the basket,2,2,702042,True,False,380,38,51.49595082795713,/mnt/data/vmo-ai-task/anhdh35/FastWAM/runs/loopwam_nt/v0_auto_eval_job4689/inference/videos/2026_10_06-07_26_16--episode=task7_trial2--success=True--task=put_both_the_alphabet_soup_and_the_cream_cheese_bo.mp4
v0,7,put both the alphabet soup and the cream cheese box in the basket,3,3,703042,True,False,229,23,32.695567940943874,/mnt/data/vmo-ai-task/anhdh35/FastWAM/runs/loopwam_nt/v0_auto_eval_job4689/inference/videos/2026_10_06-07_26_16--episode=task7_trial3--success=True--task=put_both_the_alphabet_soup_and_the_cream_cheese_bo.mp4
v0,7,put both the alphabet soup and the cream cheese box in the basket,4,4,704042,True,False,276,28,37.835353823029436,/mnt/data/vmo-ai-task/anhdh35/FastWAM/runs/loopwam_nt/v0_auto_eval_job4689/inference/videos/2026_10_06-07_26_16--episode=task7_trial4--success=True--task=put_both_the_alphabet_soup_and_the_cream_cheese_bo.mp4
v0,7,put both the alphabet soup and the cream cheese box in the basket,5,5,705042,True,False,233,24,33.16656567691825,/mnt/data/vmo-ai-task/anhdh35/FastWAM/runs/loopwam_nt/v0_auto_eval_job4689/inference/videos/2026_10_06-07_26_16--episode=task7_trial5--success=True--task=put_both_the_alphabet_soup_and_the_cream_cheese_bo.mp4
v0,7,put both the alphabet soup and the cream cheese box in the basket,6,6,706042,True,False,237,24,31.962653739959933,/mnt/data/vmo-ai-task/anhdh35/FastWAM/runs/loopwam_nt/v0_auto_eval_job4689/inference/videos/2026_10_06-07_26_16--episode=task7_trial6--success=True--task=put_both_the_alphabet_soup_and_the_cream_cheese_bo.mp4
v0,7,put both the alphabet soup and the cream cheese box in the basket,7,7,707042,True,False,228,23,31.099942886037752,/mnt/data/vmo-ai-task/anhdh35/FastWAM/runs/loopwam_nt/v0_auto_eval_job4689/inference/videos/2026_10_06-07_26_16--episode=task7_trial7--success=True--task=put_both_the_alphabet_soup_and_the_cream_cheese_bo.mp4
v0,7,put both the alphabet soup and the cream cheese box in the basket,8,8,708042,True,False,242,25,32.91382265801076,/mnt/data/vmo-ai-task/anhdh35/FastWAM/runs/loopwam_nt/v0_auto_eval_job4689/inference/videos/2026_10_06-07_26_16--episode=task7_trial8--success=True--task=put_both_the_alphabet_soup_and_the_cream_cheese_bo.mp4
v0,7,put both the alphabet soup and the cream cheese box in the basket,9,9,709042,True,False,231,24,31.721591859008186,/mnt/data/vmo-ai-task/anhdh35/FastWAM/runs/loopwam_nt/v0_auto_eval_job4689/inference/videos/2026_10_06-07_26_16--episode=task7_trial9--success=True--task=put_both_the_alphabet_soup_and_the_cream_cheese_bo.mp4
v0,8,put both moka pots on the stove,0,0,800042,True,False,394,40,72.98709884495474,/mnt/data/vmo-ai-task/anhdh35/FastWAM/runs/loopwam_nt/v0_auto_eval_job4689/inference/videos/2026_10_06-07_26_16--episode=task8_trial0--success=True--task=put_both_moka_pots_on_the_stove.mp4
v0,8,put both moka pots on the stove,1,1,801042,True,False,391,40,70.85489588102791,/mnt/data/vmo-ai-task/anhdh35/FastWAM/runs/loopwam_nt/v0_auto_eval_job4689/inference/videos/2026_10_06-07_26_16--episode=task8_trial1--success=True--task=put_both_moka_pots_on_the_stove.mp4
v0,8,put both moka pots on the stove,2,2,802042,True,False,408,41,87.30847497098148,/mnt/data/vmo-ai-task/anhdh35/FastWAM/runs/loopwam_nt/v0_auto_eval_job4689/inference/videos/2026_10_06-07_26_16--episode=task8_trial2--success=True--task=put_both_moka_pots_on_the_stove.mp4
v0,8,put both moka pots on the stove,3,3,803042,True,False,377,38,83.92519912694115,/mnt/data/vmo-ai-task/anhdh35/FastWAM/runs/loopwam_nt/v0_auto_eval_job4689/inference/videos/2026_10_06-07_26_16--episode=task8_trial3--success=True--task=put_both_moka_pots_on_the_stove.mp4
v0,8,put both moka pots on the stove,4,4,804042,True,False,398,40,89.05042831099126,/mnt/data/vmo-ai-task/anhdh35/FastWAM/runs/loopwam_nt/v0_auto_eval_job4689/inference/videos/2026_10_06-07_26_16--episode=task8_trial4--success=True--task=put_both_moka_pots_on_the_stove.mp4
v0,8,put both moka pots on the stove,5,5,805042,False,True,700,70,152.50391468801536,/mnt/data/vmo-ai-task/anhdh35/FastWAM/runs/loopwam_nt/v0_auto_eval_job4689/inference/videos/2026_10_06-07_26_16--episode=task8_trial5--success=False--task=put_both_moka_pots_on_the_stove.mp4
v0,8,put both moka pots on the stove,6,6,806042,True,False,572,58,125.06531451805495,/mnt/data/vmo-ai-task/anhdh35/FastWAM/runs/loopwam_nt/v0_auto_eval_job4689/inference/videos/2026_10_06-07_26_16--episode=task8_trial6--success=True--task=put_both_moka_pots_on_the_stove.mp4
v0,8,put both moka pots on the stove,7,7,807042,False,True,700,70,150.81662959209643,/mnt/data/vmo-ai-task/anhdh35/FastWAM/runs/loopwam_nt/v0_auto_eval_job4689/inference/videos/2026_10_06-07_26_16--episode=task8_trial7--success=False--task=put_both_moka_pots_on_the_stove.mp4
v0,8,put both moka pots on the stove,8,8,808042,True,False,363,37,81.28147030505352,/mnt/data/vmo-ai-task/anhdh35/FastWAM/runs/loopwam_nt/v0_auto_eval_job4689/inference/videos/2026_10_06-07_26_16--episode=task8_trial8--success=True--task=put_both_moka_pots_on_the_stove.mp4
v0,8,put both moka pots on the stove,9,9,809042,True,False,372,38,83.36921355198137,/mnt/data/vmo-ai-task/anhdh35/FastWAM/runs/loopwam_nt/v0_auto_eval_job4689/inference/videos/2026_10_06-07_26_16--episode=task8_trial9--success=True--task=put_both_moka_pots_on_the_stove.mp4
v0,9,put the yellow and white mug in the microwave and close it,0,0,900042,True,False,247,25,32.22805110504851,/mnt/data/vmo-ai-task/anhdh35/FastWAM/runs/loopwam_nt/v0_auto_eval_job4689/inference/videos/2026_10_06-07_26_16--episode=task9_trial0--success=True--task=put_the_yellow_and_white_mug_in_the_microwave_and_.mp4
v0,9,put the yellow and white mug in the microwave and close it,1,1,901042,True,False,269,27,34.33781968301628,/mnt/data/vmo-ai-task/anhdh35/FastWAM/runs/loopwam_nt/v0_auto_eval_job4689/inference/videos/2026_10_06-07_26_16--episode=task9_trial1--success=True--task=put_the_yellow_and_white_mug_in_the_microwave_and_.mp4
v0,9,put the yellow and white mug in the microwave and close it,2,2,902042,True,False,259,26,33.41117385204416,/mnt/data/vmo-ai-task/anhdh35/FastWAM/runs/loopwam_nt/v0_auto_eval_job4689/inference/videos/2026_10_06-07_26_16--episode=task9_trial2--success=True--task=put_the_yellow_and_white_mug_in_the_microwave_and_.mp4
v0,9,put the yellow and white mug in the microwave and close it,3,3,903042,True,False,252,26,32.33657642500475,/mnt/data/vmo-ai-task/anhdh35/FastWAM/runs/loopwam_nt/v0_auto_eval_job4689/inference/videos/2026_10_06-07_26_16--episode=task9_trial3--success=True--task=put_the_yellow_and_white_mug_in_the_microwave_and_.mp4
v0,9,put the yellow and white mug in the microwave and close it,4,4,904042,True,False,425,43,51.797000442049466,/mnt/data/vmo-ai-task/anhdh35/FastWAM/runs/loopwam_nt/v0_auto_eval_job4689/inference/videos/2026_10_06-07_26_16--episode=task9_trial4--success=True--task=put_the_yellow_and_white_mug_in_the_microwave_and_.mp4
v0,9,put the yellow and white mug in the microwave and close it,5,5,905042,True,False,258,26,33.298017126042396,/mnt/data/vmo-ai-task/anhdh35/FastWAM/runs/loopwam_nt/v0_auto_eval_job4689/inference/videos/2026_10_06-07_26_16--episode=task9_trial5--success=True--task=put_the_yellow_and_white_mug_in_the_microwave_and_.mp4
v0,9,put the yellow and white mug in the microwave and close it,6,6,906042,True,False,244,25,32.330803790013306,/mnt/data/vmo-ai-task/anhdh35/FastWAM/runs/loopwam_nt/v0_auto_eval_job4689/inference/videos/2026_10_06-07_26_16--episode=task9_trial6--success=True--task=put_the_yellow_and_white_mug_in_the_microwave_and_.mp4
v0,9,put the yellow and white mug in the microwave and close it,7,7,907042,True,False,254,26,33.77431503497064,/mnt/data/vmo-ai-task/anhdh35/FastWAM/runs/loopwam_nt/v0_auto_eval_job4689/inference/videos/2026_10_06-07_26_16--episode=task9_trial7--success=True--task=put_the_yellow_and_white_mug_in_the_microwave_and_.mp4
v0,9,put the yellow and white mug in the microwave and close it,8,8,908042,True,False,244,25,32.23393595102243,/mnt/data/vmo-ai-task/anhdh35/FastWAM/runs/loopwam_nt/v0_auto_eval_job4689/inference/videos/2026_10_06-07_26_16--episode=task9_trial8--success=True--task=put_the_yellow_and_white_mug_in_the_microwave_and_.mp4
v0,9,put the yellow and white mug in the microwave and close it,9,9,909042,True,False,294,30,37.772418141015805,/mnt/data/vmo-ai-task/anhdh35/FastWAM/runs/loopwam_nt/v0_auto_eval_job4689/inference/videos/2026_10_06-07_26_16--episode=task9_trial9--success=True--task=put_the_yellow_and_white_mug_in_the_microwave_and_.mp4
v1,0,put both the alphabet soup and the tomato sauce in the basket,0,0,42,True,False,275,28,48.52311006002128,/mnt/data/vmo-ai-task/anhdh35/FastWAM/runs/loopwam_nt/v1_bs128_job4691/inference/videos/2026_10_06-11_32_32--episode=task0_trial0--success=True--task=put_both_the_alphabet_soup_and_the_tomato_sauce_in.mp4
v1,0,put both the alphabet soup and the tomato sauce in the basket,1,1,1042,True,False,312,32,51.958850394934416,/mnt/data/vmo-ai-task/anhdh35/FastWAM/runs/loopwam_nt/v1_bs128_job4691/inference/videos/2026_10_06-11_32_32--episode=task0_trial1--success=True--task=put_both_the_alphabet_soup_and_the_tomato_sauce_in.mp4
v1,0,put both the alphabet soup and the tomato sauce in the basket,2,2,2042,True,False,273,28,48.7459345664829,/mnt/data/vmo-ai-task/anhdh35/FastWAM/runs/loopwam_nt/v1_bs128_job4691/inference/videos/2026_10_06-11_32_32--episode=task0_trial2--success=True--task=put_both_the_alphabet_soup_and_the_tomato_sauce_in.mp4
v1,0,put both the alphabet soup and the tomato sauce in the basket,3,3,3042,True,False,274,28,47.142285488545895,/mnt/data/vmo-ai-task/anhdh35/FastWAM/runs/loopwam_nt/v1_bs128_job4691/inference/videos/2026_10_06-11_32_32--episode=task0_trial3--success=True--task=put_both_the_alphabet_soup_and_the_tomato_sauce_in.mp4
v1,0,put both the alphabet soup and the tomato sauce in the basket,4,4,4042,True,False,283,29,49.76233161613345,/mnt/data/vmo-ai-task/anhdh35/FastWAM/runs/loopwam_nt/v1_bs128_job4691/inference/videos/2026_10_06-11_32_32--episode=task0_trial4--success=True--task=put_both_the_alphabet_soup_and_the_tomato_sauce_in.mp4
v1,0,put both the alphabet soup and the tomato sauce in the basket,5,5,5042,False,True,700,70,107.78281316719949,/mnt/data/vmo-ai-task/anhdh35/FastWAM/runs/loopwam_nt/v1_bs128_job4691/inference/videos/2026_10_06-11_32_32--episode=task0_trial5--success=False--task=put_both_the_alphabet_soup_and_the_tomato_sauce_in.mp4
v1,0,put both the alphabet soup and the tomato sauce in the basket,6,6,6042,False,True,700,70,116.41565470211208,/mnt/data/vmo-ai-task/anhdh35/FastWAM/runs/loopwam_nt/v1_bs128_job4691/inference/videos/2026_10_06-11_32_32--episode=task0_trial6--success=False--task=put_both_the_alphabet_soup_and_the_tomato_sauce_in.mp4
v1,0,put both the alphabet soup and the tomato sauce in the basket,7,7,7042,True,False,334,34,61.534124694764614,/mnt/data/vmo-ai-task/anhdh35/FastWAM/runs/loopwam_nt/v1_bs128_job4691/inference/videos/2026_10_06-11_32_32--episode=task0_trial7--success=True--task=put_both_the_alphabet_soup_and_the_tomato_sauce_in.mp4
v1,0,put both the alphabet soup and the tomato sauce in the basket,8,8,8042,True,False,568,57,102.26463173143566,/mnt/data/vmo-ai-task/anhdh35/FastWAM/runs/loopwam_nt/v1_bs128_job4691/inference/videos/2026_10_06-11_32_32--episode=task0_trial8--success=True--task=put_both_the_alphabet_soup_and_the_tomato_sauce_in.mp4
v1,0,put both the alphabet soup and the tomato sauce in the basket,9,9,9042,True,False,324,33,60.33227736316621,/mnt/data/vmo-ai-task/anhdh35/FastWAM/runs/loopwam_nt/v1_bs128_job4691/inference/videos/2026_10_06-11_32_32--episode=task0_trial9--success=True--task=put_both_the_alphabet_soup_and_the_tomato_sauce_in.mp4
v1,1,put both the cream cheese box and the butter in the basket,0,0,100042,True,False,257,26,45.23129917122424,/mnt/data/vmo-ai-task/anhdh35/FastWAM/runs/loopwam_nt/v1_bs128_job4691/inference/videos/2026_10_06-11_32_32--episode=task1_trial0--success=True--task=put_both_the_cream_cheese_box_and_the_butter_in_th.mp4
v1,1,put both the cream cheese box and the butter in the basket,1,1,101042,True,False,251,26,43.22964362055063,/mnt/data/vmo-ai-task/anhdh35/FastWAM/runs/loopwam_nt/v1_bs128_job4691/inference/videos/2026_10_06-11_32_32--episode=task1_trial1--success=True--task=put_both_the_cream_cheese_box_and_the_butter_in_th.mp4
v1,1,put both the cream cheese box and the butter in the basket,2,2,102042,True,False,268,27,47.38734902255237,/mnt/data/vmo-ai-task/anhdh35/FastWAM/runs/loopwam_nt/v1_bs128_job4691/inference/videos/2026_10_06-11_32_32--episode=task1_trial2--success=True--task=put_both_the_cream_cheese_box_and_the_butter_in_th.mp4
v1,1,put both the cream cheese box and the butter in the basket,3,3,103042,True,False,237,24,41.85181457363069,/mnt/data/vmo-ai-task/anhdh35/FastWAM/runs/loopwam_nt/v1_bs128_job4691/inference/videos/2026_10_06-11_32_32--episode=task1_trial3--success=True--task=put_both_the_cream_cheese_box_and_the_butter_in_th.mp4
v1,1,put both the cream cheese box and the butter in the basket,4,4,104042,True,False,250,25,43.70376934483647,/mnt/data/vmo-ai-task/anhdh35/FastWAM/runs/loopwam_nt/v1_bs128_job4691/inference/videos/2026_10_06-11_32_32--episode=task1_trial4--success=True--task=put_both_the_cream_cheese_box_and_the_butter_in_th.mp4
v1,1,put both the cream cheese box and the butter in the basket,5,5,105042,True,False,236,24,41.47589051537216,/mnt/data/vmo-ai-task/anhdh35/FastWAM/runs/loopwam_nt/v1_bs128_job4691/inference/videos/2026_10_06-11_32_32--episode=task1_trial5--success=True--task=put_both_the_cream_cheese_box_and_the_butter_in_th.mp4
v1,1,put both the cream cheese box and the butter in the basket,6,6,106042,True,False,233,24,41.01295282691717,/mnt/data/vmo-ai-task/anhdh35/FastWAM/runs/loopwam_nt/v1_bs128_job4691/inference/videos/2026_10_06-11_32_32--episode=task1_trial6--success=True--task=put_both_the_cream_cheese_box_and_the_butter_in_th.mp4
v1,1,put both the cream cheese box and the butter in the basket,7,7,107042,True,False,226,23,42.290786791592836,/mnt/data/vmo-ai-task/anhdh35/FastWAM/runs/loopwam_nt/v1_bs128_job4691/inference/videos/2026_10_06-11_32_32--episode=task1_trial7--success=True--task=put_both_the_cream_cheese_box_and_the_butter_in_th.mp4
v1,1,put both the cream cheese box and the butter in the basket,8,8,108042,True,False,246,25,44.99414683878422,/mnt/data/vmo-ai-task/anhdh35/FastWAM/runs/loopwam_nt/v1_bs128_job4691/inference/videos/2026_10_06-11_32_32--episode=task1_trial8--success=True--task=put_both_the_cream_cheese_box_and_the_butter_in_th.mp4
v1,1,put both the cream cheese box and the butter in the basket,9,9,109042,True,False,241,25,45.34779486991465,/mnt/data/vmo-ai-task/anhdh35/FastWAM/runs/loopwam_nt/v1_bs128_job4691/inference/videos/2026_10_06-11_32_32--episode=task1_trial9--success=True--task=put_both_the_cream_cheese_box_and_the_butter_in_th.mp4
v1,2,turn on the stove and put the moka pot on it,0,0,200042,True,False,229,23,56.84393596276641,/mnt/data/vmo-ai-task/anhdh35/FastWAM/runs/loopwam_nt/v1_bs128_job4691/inference/videos/2026_10_06-11_32_32--episode=task2_trial0--success=True--task=turn_on_the_stove_and_put_the_moka_pot_on_it.mp4
v1,2,turn on the stove and put the moka pot on it,1,1,201042,True,False,219,22,55.40995020233095,/mnt/data/vmo-ai-task/anhdh35/FastWAM/runs/loopwam_nt/v1_bs128_job4691/inference/videos/2026_10_06-11_32_32--episode=task2_trial1--success=True--task=turn_on_the_stove_and_put_the_moka_pot_on_it.mp4
v1,2,turn on the stove and put the moka pot on it,2,2,202042,True,False,222,23,56.087344544008374,/mnt/data/vmo-ai-task/anhdh35/FastWAM/runs/loopwam_nt/v1_bs128_job4691/inference/videos/2026_10_06-11_32_32--episode=task2_trial2--success=True--task=turn_on_the_stove_and_put_the_moka_pot_on_it.mp4
v1,2,turn on the stove and put the moka pot on it,3,3,203042,True,False,232,24,58.19092261977494,/mnt/data/vmo-ai-task/anhdh35/FastWAM/runs/loopwam_nt/v1_bs128_job4691/inference/videos/2026_10_06-11_32_32--episode=task2_trial3--success=True--task=turn_on_the_stove_and_put_the_moka_pot_on_it.mp4
v1,2,turn on the stove and put the moka pot on it,4,4,204042,True,False,218,22,54.87529005110264,/mnt/data/vmo-ai-task/anhdh35/FastWAM/runs/loopwam_nt/v1_bs128_job4691/inference/videos/2026_10_06-11_32_32--episode=task2_trial4--success=True--task=turn_on_the_stove_and_put_the_moka_pot_on_it.mp4
v1,2,turn on the stove and put the moka pot on it,5,5,205042,True,False,239,24,59.13273238949478,/mnt/data/vmo-ai-task/anhdh35/FastWAM/runs/loopwam_nt/v1_bs128_job4691/inference/videos/2026_10_06-11_32_32--episode=task2_trial5--success=True--task=turn_on_the_stove_and_put_the_moka_pot_on_it.mp4
v1,2,turn on the stove and put the moka pot on it,6,6,206042,True,False,233,24,58.35013023763895,/mnt/data/vmo-ai-task/anhdh35/FastWAM/runs/loopwam_nt/v1_bs128_job4691/inference/videos/2026_10_06-11_32_32--episode=task2_trial6--success=True--task=turn_on_the_stove_and_put_the_moka_pot_on_it.mp4
v1,2,turn on the stove and put the moka pot on it,7,7,207042,True,False,229,23,57.487957118079066,/mnt/data/vmo-ai-task/anhdh35/FastWAM/runs/loopwam_nt/v1_bs128_job4691/inference/videos/2026_10_06-11_32_32--episode=task2_trial7--success=True--task=turn_on_the_stove_and_put_the_moka_pot_on_it.mp4
v1,2,turn on the stove and put the moka pot on it,8,8,208042,True,False,248,25,61.44959291256964,/mnt/data/vmo-ai-task/anhdh35/FastWAM/runs/loopwam_nt/v1_bs128_job4691/inference/videos/2026_10_06-11_32_32--episode=task2_trial8--success=True--task=turn_on_the_stove_and_put_the_moka_pot_on_it.mp4
v1,2,turn on the stove and put the moka pot on it,9,9,209042,False,True,700,70,158.5596705880016,/mnt/data/vmo-ai-task/anhdh35/FastWAM/runs/loopwam_nt/v1_bs128_job4691/inference/videos/2026_10_06-11_32_32--episode=task2_trial9--success=False--task=turn_on_the_stove_and_put_the_moka_pot_on_it.mp4
v1,3,put the black bowl in the bottom drawer of the cabinet and close it,0,0,300042,True,False,212,22,36.830734834074974,/mnt/data/vmo-ai-task/anhdh35/FastWAM/runs/loopwam_nt/v1_bs128_job4691/inference/videos/2026_10_06-11_32_32--episode=task3_trial0--success=True--task=put_the_black_bowl_in_the_bottom_drawer_of_the_cab.mp4
v1,3,put the black bowl in the bottom drawer of the cabinet and close it,1,1,301042,True,False,218,22,39.27940794080496,/mnt/data/vmo-ai-task/anhdh35/FastWAM/runs/loopwam_nt/v1_bs128_job4691/inference/videos/2026_10_06-11_32_32--episode=task3_trial1--success=True--task=put_the_black_bowl_in_the_bottom_drawer_of_the_cab.mp4
v1,3,put the black bowl in the bottom drawer of the cabinet and close it,2,2,302042,False,True,700,70,116.3242083452642,/mnt/data/vmo-ai-task/anhdh35/FastWAM/runs/loopwam_nt/v1_bs128_job4691/inference/videos/2026_10_06-11_32_32--episode=task3_trial2--success=False--task=put_the_black_bowl_in_the_bottom_drawer_of_the_cab.mp4
v1,3,put the black bowl in the bottom drawer of the cabinet and close it,3,3,303042,True,False,233,24,41.71464025974274,/mnt/data/vmo-ai-task/anhdh35/FastWAM/runs/loopwam_nt/v1_bs128_job4691/inference/videos/2026_10_06-11_32_32--episode=task3_trial3--success=True--task=put_the_black_bowl_in_the_bottom_drawer_of_the_cab.mp4
v1,3,put the black bowl in the bottom drawer of the cabinet and close it,4,4,304042,True,False,220,22,40.795047122985125,/mnt/data/vmo-ai-task/anhdh35/FastWAM/runs/loopwam_nt/v1_bs128_job4691/inference/videos/2026_10_06-11_32_32--episode=task3_trial4--success=True--task=put_the_black_bowl_in_the_bottom_drawer_of_the_cab.mp4
v1,3,put the black bowl in the bottom drawer of the cabinet and close it,5,5,305042,True,False,213,22,42.11574836075306,/mnt/data/vmo-ai-task/anhdh35/FastWAM/runs/loopwam_nt/v1_bs128_job4691/inference/videos/2026_10_06-11_32_32--episode=task3_trial5--success=True--task=put_the_black_bowl_in_the_bottom_drawer_of_the_cab.mp4
v1,3,put the black bowl in the bottom drawer of the cabinet and close it,6,6,306042,True,False,208,21,39.49919250048697,/mnt/data/vmo-ai-task/anhdh35/FastWAM/runs/loopwam_nt/v1_bs128_job4691/inference/videos/2026_10_06-11_32_32--episode=task3_trial6--success=True--task=put_the_black_bowl_in_the_bottom_drawer_of_the_cab.mp4
v1,3,put the black bowl in the bottom drawer of the cabinet and close it,7,7,307042,True,False,196,20,37.50641396455467,/mnt/data/vmo-ai-task/anhdh35/FastWAM/runs/loopwam_nt/v1_bs128_job4691/inference/videos/2026_10_06-11_32_32--episode=task3_trial7--success=True--task=put_the_black_bowl_in_the_bottom_drawer_of_the_cab.mp4
v1,3,put the black bowl in the bottom drawer of the cabinet and close it,8,8,308042,True,False,216,22,40.46536110341549,/mnt/data/vmo-ai-task/anhdh35/FastWAM/runs/loopwam_nt/v1_bs128_job4691/inference/videos/2026_10_06-11_32_32--episode=task3_trial8--success=True--task=put_the_black_bowl_in_the_bottom_drawer_of_the_cab.mp4
v1,3,put the black bowl in the bottom drawer of the cabinet and close it,9,9,309042,True,False,227,23,42.22850528545678,/mnt/data/vmo-ai-task/anhdh35/FastWAM/runs/loopwam_nt/v1_bs128_job4691/inference/videos/2026_10_06-11_32_32--episode=task3_trial9--success=True--task=put_the_black_bowl_in_the_bottom_drawer_of_the_cab.mp4
v1,4,put the white mug on the left plate and put the yellow and white mug on the right plate,0,0,400042,False,True,700,70,85.14206747151911,/mnt/data/vmo-ai-task/anhdh35/FastWAM/runs/loopwam_nt/v1_bs128_job4691/inference/videos/2026_10_06-11_32_32--episode=task4_trial0--success=False--task=put_the_white_mug_on_the_left_plate_and_put_the_ye.mp4
v1,4,put the white mug on the left plate and put the yellow and white mug on the right plate,1,1,401042,False,True,700,70,87.2983996476978,/mnt/data/vmo-ai-task/anhdh35/FastWAM/runs/loopwam_nt/v1_bs128_job4691/inference/videos/2026_10_06-11_32_32--episode=task4_trial1--success=False--task=put_the_white_mug_on_the_left_plate_and_put_the_ye.mp4
v1,4,put the white mug on the left plate and put the yellow and white mug on the right plate,2,2,402042,True,False,225,23,32.57883380353451,/mnt/data/vmo-ai-task/anhdh35/FastWAM/runs/loopwam_nt/v1_bs128_job4691/inference/videos/2026_10_06-11_32_32--episode=task4_trial2--success=True--task=put_the_white_mug_on_the_left_plate_and_put_the_ye.mp4
v1,4,put the white mug on the left plate and put the yellow and white mug on the right plate,3,3,403042,False,True,700,70,85.0651830881834,/mnt/data/vmo-ai-task/anhdh35/FastWAM/runs/loopwam_nt/v1_bs128_job4691/inference/videos/2026_10_06-11_32_32--episode=task4_trial3--success=False--task=put_the_white_mug_on_the_left_plate_and_put_the_ye.mp4
v1,4,put the white mug on the left plate and put the yellow and white mug on the right plate,4,4,404042,True,False,230,23,32.66884763352573,/mnt/data/vmo-ai-task/anhdh35/FastWAM/runs/loopwam_nt/v1_bs128_job4691/inference/videos/2026_10_06-11_32_32--episode=task4_trial4--success=True--task=put_the_white_mug_on_the_left_plate_and_put_the_ye.mp4
v1,4,put the white mug on the left plate and put the yellow and white mug on the right plate,5,5,405042,True,False,245,25,35.10302313044667,/mnt/data/vmo-ai-task/anhdh35/FastWAM/runs/loopwam_nt/v1_bs128_job4691/inference/videos/2026_10_06-11_32_32--episode=task4_trial5--success=True--task=put_the_white_mug_on_the_left_plate_and_put_the_ye.mp4
v1,4,put the white mug on the left plate and put the yellow and white mug on the right plate,6,6,406042,True,False,236,24,34.378068551421165,/mnt/data/vmo-ai-task/anhdh35/FastWAM/runs/loopwam_nt/v1_bs128_job4691/inference/videos/2026_10_06-11_32_32--episode=task4_trial6--success=True--task=put_the_white_mug_on_the_left_plate_and_put_the_ye.mp4
v1,4,put the white mug on the left plate and put the yellow and white mug on the right plate,7,7,407042,True,False,247,25,34.52116262353957,/mnt/data/vmo-ai-task/anhdh35/FastWAM/runs/loopwam_nt/v1_bs128_job4691/inference/videos/2026_10_06-11_32_32--episode=task4_trial7--success=True--task=put_the_white_mug_on_the_left_plate_and_put_the_ye.mp4
v1,4,put the white mug on the left plate and put the yellow and white mug on the right plate,8,8,408042,True,False,217,22,30.841427406296134,/mnt/data/vmo-ai-task/anhdh35/FastWAM/runs/loopwam_nt/v1_bs128_job4691/inference/videos/2026_10_06-11_32_32--episode=task4_trial8--success=True--task=put_the_white_mug_on_the_left_plate_and_put_the_ye.mp4
v1,4,put the white mug on the left plate and put the yellow and white mug on the right plate,9,9,409042,True,False,231,24,34.05647834204137,/mnt/data/vmo-ai-task/anhdh35/FastWAM/runs/loopwam_nt/v1_bs128_job4691/inference/videos/2026_10_06-11_32_32--episode=task4_trial9--success=True--task=put_the_white_mug_on_the_left_plate_and_put_the_ye.mp4
v1,5,pick up the book and place it in the back compartment of the caddy,0,0,500042,True,False,175,18,28.904851265251637,/mnt/data/vmo-ai-task/anhdh35/FastWAM/runs/loopwam_nt/v1_bs128_job4691/inference/videos/2026_10_06-11_32_32--episode=task5_trial0--success=True--task=pick_up_the_book_and_place_it_in_the_back_compartm.mp4
v1,5,pick up the book and place it in the back compartment of the caddy,1,1,501042,True,False,185,19,29.889934316277504,/mnt/data/vmo-ai-task/anhdh35/FastWAM/runs/loopwam_nt/v1_bs128_job4691/inference/videos/2026_10_06-11_32_32--episode=task5_trial1--success=True--task=pick_up_the_book_and_place_it_in_the_back_compartm.mp4
v1,5,pick up the book and place it in the back compartment of the caddy,2,2,502042,True,False,160,16,26.363603059202433,/mnt/data/vmo-ai-task/anhdh35/FastWAM/runs/loopwam_nt/v1_bs128_job4691/inference/videos/2026_10_06-11_32_32--episode=task5_trial2--success=True--task=pick_up_the_book_and_place_it_in_the_back_compartm.mp4
v1,5,pick up the book and place it in the back compartment of the caddy,3,3,503042,True,False,167,17,27.68883240967989,/mnt/data/vmo-ai-task/anhdh35/FastWAM/runs/loopwam_nt/v1_bs128_job4691/inference/videos/2026_10_06-11_32_32--episode=task5_trial3--success=True--task=pick_up_the_book_and_place_it_in_the_back_compartm.mp4
v1,5,pick up the book and place it in the back compartment of the caddy,4,4,504042,True,False,166,17,28.115021197125316,/mnt/data/vmo-ai-task/anhdh35/FastWAM/runs/loopwam_nt/v1_bs128_job4691/inference/videos/2026_10_06-11_32_32--episode=task5_trial4--success=True--task=pick_up_the_book_and_place_it_in_the_back_compartm.mp4
v1,5,pick up the book and place it in the back compartment of the caddy,5,5,505042,True,False,173,18,28.563804576173425,/mnt/data/vmo-ai-task/anhdh35/FastWAM/runs/loopwam_nt/v1_bs128_job4691/inference/videos/2026_10_06-11_32_32--episode=task5_trial5--success=True--task=pick_up_the_book_and_place_it_in_the_back_compartm.mp4
v1,5,pick up the book and place it in the back compartment of the caddy,6,6,506042,True,False,179,18,28.93693800084293,/mnt/data/vmo-ai-task/anhdh35/FastWAM/runs/loopwam_nt/v1_bs128_job4691/inference/videos/2026_10_06-11_32_32--episode=task5_trial6--success=True--task=pick_up_the_book_and_place_it_in_the_back_compartm.mp4
v1,5,pick up the book and place it in the back compartment of the caddy,7,7,507042,True,False,180,18,29.139908915385604,/mnt/data/vmo-ai-task/anhdh35/FastWAM/runs/loopwam_nt/v1_bs128_job4691/inference/videos/2026_10_06-11_32_32--episode=task5_trial7--success=True--task=pick_up_the_book_and_place_it_in_the_back_compartm.mp4
v1,5,pick up the book and place it in the back compartment of the caddy,8,8,508042,True,False,190,19,30.943395914509892,/mnt/data/vmo-ai-task/anhdh35/FastWAM/runs/loopwam_nt/v1_bs128_job4691/inference/videos/2026_10_06-11_32_32--episode=task5_trial8--success=True--task=pick_up_the_book_and_place_it_in_the_back_compartm.mp4
v1,5,pick up the book and place it in the back compartment of the caddy,9,9,509042,True,False,182,19,30.347510347142816,/mnt/data/vmo-ai-task/anhdh35/FastWAM/runs/loopwam_nt/v1_bs128_job4691/inference/videos/2026_10_06-11_32_32--episode=task5_trial9--success=True--task=pick_up_the_book_and_place_it_in_the_back_compartm.mp4
v1,6,put the white mug on the plate and put the chocolate pudding to the right of the plate,0,0,600042,False,True,700,70,89.68240616843104,/mnt/data/vmo-ai-task/anhdh35/FastWAM/runs/loopwam_nt/v1_bs128_job4691/inference/videos/2026_10_06-11_32_32--episode=task6_trial0--success=False--task=put_the_white_mug_on_the_plate_and_put_the_chocola.mp4
v1,6,put the white mug on the plate and put the chocolate pudding to the right of the plate,1,1,601042,False,True,700,70,89.77166063338518,/mnt/data/vmo-ai-task/anhdh35/FastWAM/runs/loopwam_nt/v1_bs128_job4691/inference/videos/2026_10_06-11_32_32--episode=task6_trial1--success=False--task=put_the_white_mug_on_the_plate_and_put_the_chocola.mp4
v1,6,put the white mug on the plate and put the chocolate pudding to the right of the plate,2,2,602042,True,False,225,23,34.164812225848436,/mnt/data/vmo-ai-task/anhdh35/FastWAM/runs/loopwam_nt/v1_bs128_job4691/inference/videos/2026_10_06-11_32_32--episode=task6_trial2--success=True--task=put_the_white_mug_on_the_plate_and_put_the_chocola.mp4
v1,6,put the white mug on the plate and put the chocolate pudding to the right of the plate,3,3,603042,False,True,700,70,93.4168854020536,/mnt/data/vmo-ai-task/anhdh35/FastWAM/runs/loopwam_nt/v1_bs128_job4691/inference/videos/2026_10_06-11_32_32--episode=task6_trial3--success=False--task=put_the_white_mug_on_the_plate_and_put_the_chocola.mp4
v1,6,put the white mug on the plate and put the chocolate pudding to the right of the plate,4,4,604042,False,True,700,70,91.12715752236545,/mnt/data/vmo-ai-task/anhdh35/FastWAM/runs/loopwam_nt/v1_bs128_job4691/inference/videos/2026_10_06-11_32_32--episode=task6_trial4--success=False--task=put_the_white_mug_on_the_plate_and_put_the_chocola.mp4
v1,6,put the white mug on the plate and put the chocolate pudding to the right of the plate,5,5,605042,True,False,242,25,36.07921024411917,/mnt/data/vmo-ai-task/anhdh35/FastWAM/runs/loopwam_nt/v1_bs128_job4691/inference/videos/2026_10_06-11_32_32--episode=task6_trial5--success=True--task=put_the_white_mug_on_the_plate_and_put_the_chocola.mp4
v1,6,put the white mug on the plate and put the chocolate pudding to the right of the plate,6,6,606042,True,False,215,22,32.653967432677746,/mnt/data/vmo-ai-task/anhdh35/FastWAM/runs/loopwam_nt/v1_bs128_job4691/inference/videos/2026_10_06-11_32_32--episode=task6_trial6--success=True--task=put_the_white_mug_on_the_plate_and_put_the_chocola.mp4
v1,6,put the white mug on the plate and put the chocolate pudding to the right of the plate,7,7,607042,True,False,226,23,33.66834597662091,/mnt/data/vmo-ai-task/anhdh35/FastWAM/runs/loopwam_nt/v1_bs128_job4691/inference/videos/2026_10_06-11_32_32--episode=task6_trial7--success=True--task=put_the_white_mug_on_the_plate_and_put_the_chocola.mp4
v1,6,put the white mug on the plate and put the chocolate pudding to the right of the plate,8,8,608042,False,True,700,70,84.85881908610463,/mnt/data/vmo-ai-task/anhdh35/FastWAM/runs/loopwam_nt/v1_bs128_job4691/inference/videos/2026_10_06-11_32_32--episode=task6_trial8--success=False--task=put_the_white_mug_on_the_plate_and_put_the_chocola.mp4
v1,6,put the white mug on the plate and put the chocolate pudding to the right of the plate,9,9,609042,True,False,226,23,31.926508335396647,/mnt/data/vmo-ai-task/anhdh35/FastWAM/runs/loopwam_nt/v1_bs128_job4691/inference/videos/2026_10_06-11_32_32--episode=task6_trial9--success=True--task=put_the_white_mug_on_the_plate_and_put_the_chocola.mp4
v1,7,put both the alphabet soup and the cream cheese box in the basket,0,0,700042,False,True,700,70,110.14951317757368,/mnt/data/vmo-ai-task/anhdh35/FastWAM/runs/loopwam_nt/v1_bs128_job4691/inference/videos/2026_10_06-11_32_32--episode=task7_trial0--success=False--task=put_both_the_alphabet_soup_and_the_cream_cheese_bo.mp4
v1,7,put both the alphabet soup and the cream cheese box in the basket,1,1,701042,True,False,231,24,41.70404979586601,/mnt/data/vmo-ai-task/anhdh35/FastWAM/runs/loopwam_nt/v1_bs128_job4691/inference/videos/2026_10_06-11_32_32--episode=task7_trial1--success=True--task=put_both_the_alphabet_soup_and_the_cream_cheese_bo.mp4
v1,7,put both the alphabet soup and the cream cheese box in the basket,2,2,702042,True,False,248,25,42.307287618517876,/mnt/data/vmo-ai-task/anhdh35/FastWAM/runs/loopwam_nt/v1_bs128_job4691/inference/videos/2026_10_06-11_32_32--episode=task7_trial2--success=True--task=put_both_the_alphabet_soup_and_the_cream_cheese_bo.mp4
v1,7,put both the alphabet soup and the cream cheese box in the basket,3,3,703042,True,False,242,25,42.24455114454031,/mnt/data/vmo-ai-task/anhdh35/FastWAM/runs/loopwam_nt/v1_bs128_job4691/inference/videos/2026_10_06-11_32_32--episode=task7_trial3--success=True--task=put_both_the_alphabet_soup_and_the_cream_cheese_bo.mp4
v1,7,put both the alphabet soup and the cream cheese box in the basket,4,4,704042,True,False,247,25,43.31677217036486,/mnt/data/vmo-ai-task/anhdh35/FastWAM/runs/loopwam_nt/v1_bs128_job4691/inference/videos/2026_10_06-11_32_32--episode=task7_trial4--success=True--task=put_both_the_alphabet_soup_and_the_cream_cheese_bo.mp4
v1,7,put both the alphabet soup and the cream cheese box in the basket,5,5,705042,False,True,700,70,108.49299919232726,/mnt/data/vmo-ai-task/anhdh35/FastWAM/runs/loopwam_nt/v1_bs128_job4691/inference/videos/2026_10_06-11_32_32--episode=task7_trial5--success=False--task=put_both_the_alphabet_soup_and_the_cream_cheese_bo.mp4
v1,7,put both the alphabet soup and the cream cheese box in the basket,6,6,706042,False,True,700,70,108.11780152283609,/mnt/data/vmo-ai-task/anhdh35/FastWAM/runs/loopwam_nt/v1_bs128_job4691/inference/videos/2026_10_06-11_32_32--episode=task7_trial6--success=False--task=put_both_the_alphabet_soup_and_the_cream_cheese_bo.mp4
v1,7,put both the alphabet soup and the cream cheese box in the basket,7,7,707042,True,False,231,24,40.43065041676164,/mnt/data/vmo-ai-task/anhdh35/FastWAM/runs/loopwam_nt/v1_bs128_job4691/inference/videos/2026_10_06-11_32_32--episode=task7_trial7--success=True--task=put_both_the_alphabet_soup_and_the_cream_cheese_bo.mp4
v1,7,put both the alphabet soup and the cream cheese box in the basket,8,8,708042,False,True,700,70,108.63867609575391,/mnt/data/vmo-ai-task/anhdh35/FastWAM/runs/loopwam_nt/v1_bs128_job4691/inference/videos/2026_10_06-11_32_32--episode=task7_trial8--success=False--task=put_both_the_alphabet_soup_and_the_cream_cheese_bo.mp4
v1,7,put both the alphabet soup and the cream cheese box in the basket,9,9,709042,True,False,243,25,43.34304582886398,/mnt/data/vmo-ai-task/anhdh35/FastWAM/runs/loopwam_nt/v1_bs128_job4691/inference/videos/2026_10_06-11_32_32--episode=task7_trial9--success=True--task=put_both_the_alphabet_soup_and_the_cream_cheese_bo.mp4
v1,8,put both moka pots on the stove,0,0,800042,True,False,428,43,94.14058543927968,/mnt/data/vmo-ai-task/anhdh35/FastWAM/runs/loopwam_nt/v1_bs128_job4691/inference/videos/2026_10_06-11_32_32--episode=task8_trial0--success=True--task=put_both_moka_pots_on_the_stove.mp4
v1,8,put both moka pots on the stove,1,1,801042,True,False,575,58,122.54593857564032,/mnt/data/vmo-ai-task/anhdh35/FastWAM/runs/loopwam_nt/v1_bs128_job4691/inference/videos/2026_10_06-11_32_32--episode=task8_trial1--success=True--task=put_both_moka_pots_on_the_stove.mp4
v1,8,put both moka pots on the stove,2,2,802042,True,False,389,39,87.21584987826645,/mnt/data/vmo-ai-task/anhdh35/FastWAM/runs/loopwam_nt/v1_bs128_job4691/inference/videos/2026_10_06-11_32_32--episode=task8_trial2--success=True--task=put_both_moka_pots_on_the_stove.mp4
v1,8,put both moka pots on the stove,3,3,803042,False,True,700,70,148.3922353386879,/mnt/data/vmo-ai-task/anhdh35/FastWAM/runs/loopwam_nt/v1_bs128_job4691/inference/videos/2026_10_06-11_32_32--episode=task8_trial3--success=False--task=put_both_moka_pots_on_the_stove.mp4
v1,8,put both moka pots on the stove,4,4,804042,True,False,400,40,88.66848616860807,/mnt/data/vmo-ai-task/anhdh35/FastWAM/runs/loopwam_nt/v1_bs128_job4691/inference/videos/2026_10_06-11_32_32--episode=task8_trial4--success=True--task=put_both_moka_pots_on_the_stove.mp4
v1,8,put both moka pots on the stove,5,5,805042,True,False,383,39,85.15152799710631,/mnt/data/vmo-ai-task/anhdh35/FastWAM/runs/loopwam_nt/v1_bs128_job4691/inference/videos/2026_10_06-11_32_32--episode=task8_trial5--success=True--task=put_both_moka_pots_on_the_stove.mp4
v1,8,put both moka pots on the stove,6,6,806042,True,False,467,47,102.93848215602338,/mnt/data/vmo-ai-task/anhdh35/FastWAM/runs/loopwam_nt/v1_bs128_job4691/inference/videos/2026_10_06-11_32_32--episode=task8_trial6--success=True--task=put_both_moka_pots_on_the_stove.mp4
v1,8,put both moka pots on the stove,7,7,807042,True,False,409,41,90.41329153627157,/mnt/data/vmo-ai-task/anhdh35/FastWAM/runs/loopwam_nt/v1_bs128_job4691/inference/videos/2026_10_06-11_32_32--episode=task8_trial7--success=True--task=put_both_moka_pots_on_the_stove.mp4
v1,8,put both moka pots on the stove,8,8,808042,True,False,375,38,84.10915026813745,/mnt/data/vmo-ai-task/anhdh35/FastWAM/runs/loopwam_nt/v1_bs128_job4691/inference/videos/2026_10_06-11_32_32--episode=task8_trial8--success=True--task=put_both_moka_pots_on_the_stove.mp4
v1,8,put both moka pots on the stove,9,9,809042,True,False,453,46,99.06277830153704,/mnt/data/vmo-ai-task/anhdh35/FastWAM/runs/loopwam_nt/v1_bs128_job4691/inference/videos/2026_10_06-11_32_32--episode=task8_trial9--success=True--task=put_both_moka_pots_on_the_stove.mp4
v1,9,put the yellow and white mug in the microwave and close it,0,0,900042,True,False,233,24,40.06535105407238,/mnt/data/vmo-ai-task/anhdh35/FastWAM/runs/loopwam_nt/v1_bs128_job4691/inference/videos/2026_10_06-11_32_32--episode=task9_trial0--success=True--task=put_the_yellow_and_white_mug_in_the_microwave_and_.mp4
v1,9,put the yellow and white mug in the microwave and close it,1,1,901042,True,False,258,26,43.67426040954888,/mnt/data/vmo-ai-task/anhdh35/FastWAM/runs/loopwam_nt/v1_bs128_job4691/inference/videos/2026_10_06-11_32_32--episode=task9_trial1--success=True--task=put_the_yellow_and_white_mug_in_the_microwave_and_.mp4
v1,9,put the yellow and white mug in the microwave and close it,2,2,902042,True,False,243,25,41.57180520705879,/mnt/data/vmo-ai-task/anhdh35/FastWAM/runs/loopwam_nt/v1_bs128_job4691/inference/videos/2026_10_06-11_32_32--episode=task9_trial2--success=True--task=put_the_yellow_and_white_mug_in_the_microwave_and_.mp4
v1,9,put the yellow and white mug in the microwave and close it,3,3,903042,True,False,261,27,44.23020585440099,/mnt/data/vmo-ai-task/anhdh35/FastWAM/runs/loopwam_nt/v1_bs128_job4691/inference/videos/2026_10_06-11_32_32--episode=task9_trial3--success=True--task=put_the_yellow_and_white_mug_in_the_microwave_and_.mp4
v1,9,put the yellow and white mug in the microwave and close it,4,4,904042,True,False,257,26,43.98417392000556,/mnt/data/vmo-ai-task/anhdh35/FastWAM/runs/loopwam_nt/v1_bs128_job4691/inference/videos/2026_10_06-11_32_32--episode=task9_trial4--success=True--task=put_the_yellow_and_white_mug_in_the_microwave_and_.mp4
v1,9,put the yellow and white mug in the microwave and close it,5,5,905042,True,False,246,25,41.94506596773863,/mnt/data/vmo-ai-task/anhdh35/FastWAM/runs/loopwam_nt/v1_bs128_job4691/inference/videos/2026_10_06-11_32_32--episode=task9_trial5--success=True--task=put_the_yellow_and_white_mug_in_the_microwave_and_.mp4
v1,9,put the yellow and white mug in the microwave and close it,6,6,906042,True,False,240,24,41.323343051597476,/mnt/data/vmo-ai-task/anhdh35/FastWAM/runs/loopwam_nt/v1_bs128_job4691/inference/videos/2026_10_06-11_32_32--episode=task9_trial6--success=True--task=put_the_yellow_and_white_mug_in_the_microwave_and_.mp4
v1,9,put the yellow and white mug in the microwave and close it,7,7,907042,True,False,245,25,41.93664790131152,/mnt/data/vmo-ai-task/anhdh35/FastWAM/runs/loopwam_nt/v1_bs128_job4691/inference/videos/2026_10_06-11_32_32--episode=task9_trial7--success=True--task=put_the_yellow_and_white_mug_in_the_microwave_and_.mp4
v1,9,put the yellow and white mug in the microwave and close it,8,8,908042,False,True,700,70,107.21382987312973,/mnt/data/vmo-ai-task/anhdh35/FastWAM/runs/loopwam_nt/v1_bs128_job4691/inference/videos/2026_10_06-11_32_32--episode=task9_trial8--success=False--task=put_the_yellow_and_white_mug_in_the_microwave_and_.mp4
v1,9,put the yellow and white mug in the microwave and close it,9,9,909042,True,False,248,25,41.96260487474501,/mnt/data/vmo-ai-task/anhdh35/FastWAM/runs/loopwam_nt/v1_bs128_job4691/inference/videos/2026_10_06-11_32_32--episode=task9_trial9--success=True--task=put_the_yellow_and_white_mug_in_the_microwave_and_.mp4
dense_s12,0,put both the alphabet soup and the tomato sauce in the basket,0,0,42,True,False,256,26,39.95772941270843,/mnt/data/vmo-ai-task/anhdh35/FastWAM/runs/loopwam_nt/dense_v2_job4659_20261006/dense_s12_evaluation/videos/2026_10_06-06_09_29--episode=task0_trial0--success=True--task=put_both_the_alphabet_soup_and_the_tomato_sauce_in.mp4
dense_s12,0,put both the alphabet soup and the tomato sauce in the basket,1,1,1042,True,False,329,33,47.74354506004602,/mnt/data/vmo-ai-task/anhdh35/FastWAM/runs/loopwam_nt/dense_v2_job4659_20261006/dense_s12_evaluation/videos/2026_10_06-06_09_29--episode=task0_trial1--success=True--task=put_both_the_alphabet_soup_and_the_tomato_sauce_in.mp4
dense_s12,0,put both the alphabet soup and the tomato sauce in the basket,2,2,2042,False,True,700,70,98.8290838659741,/mnt/data/vmo-ai-task/anhdh35/FastWAM/runs/loopwam_nt/dense_v2_job4659_20261006/dense_s12_evaluation/videos/2026_10_06-06_09_29--episode=task0_trial2--success=False--task=put_both_the_alphabet_soup_and_the_tomato_sauce_in.mp4
dense_s12,0,put both the alphabet soup and the tomato sauce in the basket,3,3,3042,False,True,700,70,101.02062319591641,/mnt/data/vmo-ai-task/anhdh35/FastWAM/runs/loopwam_nt/dense_v2_job4659_20261006/dense_s12_evaluation/videos/2026_10_06-06_09_29--episode=task0_trial3--success=False--task=put_both_the_alphabet_soup_and_the_tomato_sauce_in.mp4
dense_s12,0,put both the alphabet soup and the tomato sauce in the basket,4,4,4042,False,True,700,70,100.0676809749566,/mnt/data/vmo-ai-task/anhdh35/FastWAM/runs/loopwam_nt/dense_v2_job4659_20261006/dense_s12_evaluation/videos/2026_10_06-06_09_29--episode=task0_trial4--success=False--task=put_both_the_alphabet_soup_and_the_tomato_sauce_in.mp4
dense_s12,0,put both the alphabet soup and the tomato sauce in the basket,5,5,5042,True,False,396,40,62.72164561599493,/mnt/data/vmo-ai-task/anhdh35/FastWAM/runs/loopwam_nt/dense_v2_job4659_20261006/dense_s12_evaluation/videos/2026_10_06-06_09_29--episode=task0_trial5--success=True--task=put_both_the_alphabet_soup_and_the_tomato_sauce_in.mp4
dense_s12,0,put both the alphabet soup and the tomato sauce in the basket,6,6,6042,True,False,342,35,55.97813486214727,/mnt/data/vmo-ai-task/anhdh35/FastWAM/runs/loopwam_nt/dense_v2_job4659_20261006/dense_s12_evaluation/videos/2026_10_06-06_09_29--episode=task0_trial6--success=True--task=put_both_the_alphabet_soup_and_the_tomato_sauce_in.mp4
dense_s12,0,put both the alphabet soup and the tomato sauce in the basket,7,7,7042,False,True,700,70,104.37745868321508,/mnt/data/vmo-ai-task/anhdh35/FastWAM/runs/loopwam_nt/dense_v2_job4659_20261006/dense_s12_evaluation/videos/2026_10_06-06_09_29--episode=task0_trial7--success=False--task=put_both_the_alphabet_soup_and_the_tomato_sauce_in.mp4
dense_s12,0,put both the alphabet soup and the tomato sauce in the basket,8,8,8042,True,False,279,28,45.32644892903045,/mnt/data/vmo-ai-task/anhdh35/FastWAM/runs/loopwam_nt/dense_v2_job4659_20261006/dense_s12_evaluation/videos/2026_10_06-06_09_29--episode=task0_trial8--success=True--task=put_both_the_alphabet_soup_and_the_tomato_sauce_in.mp4
dense_s12,0,put both the alphabet soup and the tomato sauce in the basket,9,9,9042,True,False,266,27,43.63804112188518,/mnt/data/vmo-ai-task/anhdh35/FastWAM/runs/loopwam_nt/dense_v2_job4659_20261006/dense_s12_evaluation/videos/2026_10_06-06_09_29--episode=task0_trial9--success=True--task=put_both_the_alphabet_soup_and_the_tomato_sauce_in.mp4
dense_s12,1,put both the cream cheese box and the butter in the basket,0,0,100042,True,False,240,24,37.25229975068942,/mnt/data/vmo-ai-task/anhdh35/FastWAM/runs/loopwam_nt/dense_v2_job4659_20261006/dense_s12_evaluation/videos/2026_10_06-06_09_29--episode=task1_trial0--success=True--task=put_both_the_cream_cheese_box_and_the_butter_in_th.mp4
dense_s12,1,put both the cream cheese box and the butter in the basket,1,1,101042,True,False,242,25,37.864096329081804,/mnt/data/vmo-ai-task/anhdh35/FastWAM/runs/loopwam_nt/dense_v2_job4659_20261006/dense_s12_evaluation/videos/2026_10_06-06_09_29--episode=task1_trial1--success=True--task=put_both_the_cream_cheese_box_and_the_butter_in_th.mp4
dense_s12,1,put both the cream cheese box and the butter in the basket,2,2,102042,False,True,700,70,98.37032429734245,/mnt/data/vmo-ai-task/anhdh35/FastWAM/runs/loopwam_nt/dense_v2_job4659_20261006/dense_s12_evaluation/videos/2026_10_06-06_09_29--episode=task1_trial2--success=False--task=put_both_the_cream_cheese_box_and_the_butter_in_th.mp4
dense_s12,1,put both the cream cheese box and the butter in the basket,3,3,103042,True,False,232,24,36.52511512674391,/mnt/data/vmo-ai-task/anhdh35/FastWAM/runs/loopwam_nt/dense_v2_job4659_20261006/dense_s12_evaluation/videos/2026_10_06-06_09_29--episode=task1_trial3--success=True--task=put_both_the_cream_cheese_box_and_the_butter_in_th.mp4
dense_s12,1,put both the cream cheese box and the butter in the basket,4,4,104042,True,False,242,25,37.6441152440384,/mnt/data/vmo-ai-task/anhdh35/FastWAM/runs/loopwam_nt/dense_v2_job4659_20261006/dense_s12_evaluation/videos/2026_10_06-06_09_29--episode=task1_trial4--success=True--task=put_both_the_cream_cheese_box_and_the_butter_in_th.mp4
dense_s12,1,put both the cream cheese box and the butter in the basket,5,5,105042,False,True,700,70,99.21984937181696,/mnt/data/vmo-ai-task/anhdh35/FastWAM/runs/loopwam_nt/dense_v2_job4659_20261006/dense_s12_evaluation/videos/2026_10_06-06_09_29--episode=task1_trial5--success=False--task=put_both_the_cream_cheese_box_and_the_butter_in_th.mp4
dense_s12,1,put both the cream cheese box and the butter in the basket,6,6,106042,True,False,233,24,41.05316460970789,/mnt/data/vmo-ai-task/anhdh35/FastWAM/runs/loopwam_nt/dense_v2_job4659_20261006/dense_s12_evaluation/videos/2026_10_06-06_09_29--episode=task1_trial6--success=True--task=put_both_the_cream_cheese_box_and_the_butter_in_th.mp4
dense_s12,1,put both the cream cheese box and the butter in the basket,7,7,107042,True,False,262,27,44.23901624698192,/mnt/data/vmo-ai-task/anhdh35/FastWAM/runs/loopwam_nt/dense_v2_job4659_20261006/dense_s12_evaluation/videos/2026_10_06-06_09_29--episode=task1_trial7--success=True--task=put_both_the_cream_cheese_box_and_the_butter_in_th.mp4
dense_s12,1,put both the cream cheese box and the butter in the basket,8,8,108042,True,False,256,26,43.87657655728981,/mnt/data/vmo-ai-task/anhdh35/FastWAM/runs/loopwam_nt/dense_v2_job4659_20261006/dense_s12_evaluation/videos/2026_10_06-06_09_29--episode=task1_trial8--success=True--task=put_both_the_cream_cheese_box_and_the_butter_in_th.mp4
dense_s12,1,put both the cream cheese box and the butter in the basket,9,9,109042,True,False,329,33,53.36110358312726,/mnt/data/vmo-ai-task/anhdh35/FastWAM/runs/loopwam_nt/dense_v2_job4659_20261006/dense_s12_evaluation/videos/2026_10_06-06_09_29--episode=task1_trial9--success=True--task=put_both_the_cream_cheese_box_and_the_butter_in_th.mp4
dense_s12,2,turn on the stove and put the moka pot on it,0,0,200042,True,False,231,24,49.765665342099965,/mnt/data/vmo-ai-task/anhdh35/FastWAM/runs/loopwam_nt/dense_v2_job4659_20261006/dense_s12_evaluation/videos/2026_10_06-06_09_29--episode=task2_trial0--success=True--task=turn_on_the_stove_and_put_the_moka_pot_on_it.mp4
dense_s12,2,turn on the stove and put the moka pot on it,1,1,201042,False,True,700,70,132.47729714028537,/mnt/data/vmo-ai-task/anhdh35/FastWAM/runs/loopwam_nt/dense_v2_job4659_20261006/dense_s12_evaluation/videos/2026_10_06-06_09_29--episode=task2_trial1--success=False--task=turn_on_the_stove_and_put_the_moka_pot_on_it.mp4
dense_s12,2,turn on the stove and put the moka pot on it,2,2,202042,True,False,231,24,50.50791798392311,/mnt/data/vmo-ai-task/anhdh35/FastWAM/runs/loopwam_nt/dense_v2_job4659_20261006/dense_s12_evaluation/videos/2026_10_06-06_09_29--episode=task2_trial2--success=True--task=turn_on_the_stove_and_put_the_moka_pot_on_it.mp4
dense_s12,2,turn on the stove and put the moka pot on it,3,3,203042,True,False,235,24,49.679598870221525,/mnt/data/vmo-ai-task/anhdh35/FastWAM/runs/loopwam_nt/dense_v2_job4659_20261006/dense_s12_evaluation/videos/2026_10_06-06_09_29--episode=task2_trial3--success=True--task=turn_on_the_stove_and_put_the_moka_pot_on_it.mp4
dense_s12,2,turn on the stove and put the moka pot on it,4,4,204042,True,False,238,24,51.73336044885218,/mnt/data/vmo-ai-task/anhdh35/FastWAM/runs/loopwam_nt/dense_v2_job4659_20261006/dense_s12_evaluation/videos/2026_10_06-06_09_29--episode=task2_trial4--success=True--task=turn_on_the_stove_and_put_the_moka_pot_on_it.mp4
dense_s12,2,turn on the stove and put the moka pot on it,5,5,205042,True,False,236,24,51.503654913045466,/mnt/data/vmo-ai-task/anhdh35/FastWAM/runs/loopwam_nt/dense_v2_job4659_20261006/dense_s12_evaluation/videos/2026_10_06-06_09_29--episode=task2_trial5--success=True--task=turn_on_the_stove_and_put_the_moka_pot_on_it.mp4
dense_s12,2,turn on the stove and put the moka pot on it,6,6,206042,True,False,225,23,48.74580718576908,/mnt/data/vmo-ai-task/anhdh35/FastWAM/runs/loopwam_nt/dense_v2_job4659_20261006/dense_s12_evaluation/videos/2026_10_06-06_09_29--episode=task2_trial6--success=True--task=turn_on_the_stove_and_put_the_moka_pot_on_it.mp4
dense_s12,2,turn on the stove and put the moka pot on it,7,7,207042,True,False,251,26,55.21686306409538,/mnt/data/vmo-ai-task/anhdh35/FastWAM/runs/loopwam_nt/dense_v2_job4659_20261006/dense_s12_evaluation/videos/2026_10_06-06_09_29--episode=task2_trial7--success=True--task=turn_on_the_stove_and_put_the_moka_pot_on_it.mp4
dense_s12,2,turn on the stove and put the moka pot on it,8,8,208042,True,False,247,25,55.132337376940995,/mnt/data/vmo-ai-task/anhdh35/FastWAM/runs/loopwam_nt/dense_v2_job4659_20261006/dense_s12_evaluation/videos/2026_10_06-06_09_29--episode=task2_trial8--success=True--task=turn_on_the_stove_and_put_the_moka_pot_on_it.mp4
dense_s12,2,turn on the stove and put the moka pot on it,9,9,209042,True,False,235,24,52.51845890516415,/mnt/data/vmo-ai-task/anhdh35/FastWAM/runs/loopwam_nt/dense_v2_job4659_20261006/dense_s12_evaluation/videos/2026_10_06-06_09_29--episode=task2_trial9--success=True--task=turn_on_the_stove_and_put_the_moka_pot_on_it.mp4
dense_s12,3,put the black bowl in the bottom drawer of the cabinet and close it,0,0,300042,True,False,228,23,32.03008961491287,/mnt/data/vmo-ai-task/anhdh35/FastWAM/runs/loopwam_nt/dense_v2_job4659_20261006/dense_s12_evaluation/videos/2026_10_06-06_09_29--episode=task3_trial0--success=True--task=put_the_black_bowl_in_the_bottom_drawer_of_the_cab.mp4
dense_s12,3,put the black bowl in the bottom drawer of the cabinet and close it,1,1,301042,True,False,215,22,31.328183809760958,/mnt/data/vmo-ai-task/anhdh35/FastWAM/runs/loopwam_nt/dense_v2_job4659_20261006/dense_s12_evaluation/videos/2026_10_06-06_09_29--episode=task3_trial1--success=True--task=put_the_black_bowl_in_the_bottom_drawer_of_the_cab.mp4
dense_s12,3,put the black bowl in the bottom drawer of the cabinet and close it,2,2,302042,True,False,262,27,37.06999676814303,/mnt/data/vmo-ai-task/anhdh35/FastWAM/runs/loopwam_nt/dense_v2_job4659_20261006/dense_s12_evaluation/videos/2026_10_06-06_09_29--episode=task3_trial2--success=True--task=put_the_black_bowl_in_the_bottom_drawer_of_the_cab.mp4
dense_s12,3,put the black bowl in the bottom drawer of the cabinet and close it,3,3,303042,True,False,204,21,29.7872797655873,/mnt/data/vmo-ai-task/anhdh35/FastWAM/runs/loopwam_nt/dense_v2_job4659_20261006/dense_s12_evaluation/videos/2026_10_06-06_09_29--episode=task3_trial3--success=True--task=put_the_black_bowl_in_the_bottom_drawer_of_the_cab.mp4
dense_s12,3,put the black bowl in the bottom drawer of the cabinet and close it,4,4,304042,True,False,224,23,32.8992284568958,/mnt/data/vmo-ai-task/anhdh35/FastWAM/runs/loopwam_nt/dense_v2_job4659_20261006/dense_s12_evaluation/videos/2026_10_06-06_09_29--episode=task3_trial4--success=True--task=put_the_black_bowl_in_the_bottom_drawer_of_the_cab.mp4
dense_s12,3,put the black bowl in the bottom drawer of the cabinet and close it,5,5,305042,True,False,223,23,33.15641932096332,/mnt/data/vmo-ai-task/anhdh35/FastWAM/runs/loopwam_nt/dense_v2_job4659_20261006/dense_s12_evaluation/videos/2026_10_06-06_09_29--episode=task3_trial5--success=True--task=put_the_black_bowl_in_the_bottom_drawer_of_the_cab.mp4
dense_s12,3,put the black bowl in the bottom drawer of the cabinet and close it,6,6,306042,True,False,216,22,31.824565493967384,/mnt/data/vmo-ai-task/anhdh35/FastWAM/runs/loopwam_nt/dense_v2_job4659_20261006/dense_s12_evaluation/videos/2026_10_06-06_09_29--episode=task3_trial6--success=True--task=put_the_black_bowl_in_the_bottom_drawer_of_the_cab.mp4
dense_s12,3,put the black bowl in the bottom drawer of the cabinet and close it,7,7,307042,True,False,201,21,30.29905200889334,/mnt/data/vmo-ai-task/anhdh35/FastWAM/runs/loopwam_nt/dense_v2_job4659_20261006/dense_s12_evaluation/videos/2026_10_06-06_09_29--episode=task3_trial7--success=True--task=put_the_black_bowl_in_the_bottom_drawer_of_the_cab.mp4
dense_s12,3,put the black bowl in the bottom drawer of the cabinet and close it,8,8,308042,True,False,215,22,32.106268433853984,/mnt/data/vmo-ai-task/anhdh35/FastWAM/runs/loopwam_nt/dense_v2_job4659_20261006/dense_s12_evaluation/videos/2026_10_06-06_09_29--episode=task3_trial8--success=True--task=put_the_black_bowl_in_the_bottom_drawer_of_the_cab.mp4
dense_s12,3,put the black bowl in the bottom drawer of the cabinet and close it,9,9,309042,True,False,206,21,31.00600313488394,/mnt/data/vmo-ai-task/anhdh35/FastWAM/runs/loopwam_nt/dense_v2_job4659_20261006/dense_s12_evaluation/videos/2026_10_06-06_09_29--episode=task3_trial9--success=True--task=put_the_black_bowl_in_the_bottom_drawer_of_the_cab.mp4
dense_s12,4,put the white mug on the left plate and put the yellow and white mug on the right plate,0,0,400042,True,False,410,41,41.01422142190859,/mnt/data/vmo-ai-task/anhdh35/FastWAM/runs/loopwam_nt/dense_v2_job4659_20261006/dense_s12_evaluation/videos/2026_10_06-06_09_29--episode=task4_trial0--success=True--task=put_the_white_mug_on_the_left_plate_and_put_the_ye.mp4
dense_s12,4,put the white mug on the left plate and put the yellow and white mug on the right plate,1,1,401042,True,False,216,22,24.60254877898842,/mnt/data/vmo-ai-task/anhdh35/FastWAM/runs/loopwam_nt/dense_v2_job4659_20261006/dense_s12_evaluation/videos/2026_10_06-06_09_29--episode=task4_trial1--success=True--task=put_the_white_mug_on_the_left_plate_and_put_the_ye.mp4
dense_s12,4,put the white mug on the left plate and put the yellow and white mug on the right plate,2,2,402042,True,False,263,27,29.09600988216698,/mnt/data/vmo-ai-task/anhdh35/FastWAM/runs/loopwam_nt/dense_v2_job4659_20261006/dense_s12_evaluation/videos/2026_10_06-06_09_29--episode=task4_trial2--success=True--task=put_the_white_mug_on_the_left_plate_and_put_the_ye.mp4
dense_s12,4,put the white mug on the left plate and put the yellow and white mug on the right plate,3,3,403042,True,False,218,22,25.128761183004826,/mnt/data/vmo-ai-task/anhdh35/FastWAM/runs/loopwam_nt/dense_v2_job4659_20261006/dense_s12_evaluation/videos/2026_10_06-06_09_29--episode=task4_trial3--success=True--task=put_the_white_mug_on_the_left_plate_and_put_the_ye.mp4
dense_s12,4,put the white mug on the left plate and put the yellow and white mug on the right plate,4,4,404042,True,False,232,24,27.679531406145543,/mnt/data/vmo-ai-task/anhdh35/FastWAM/runs/loopwam_nt/dense_v2_job4659_20261006/dense_s12_evaluation/videos/2026_10_06-06_09_29--episode=task4_trial4--success=True--task=put_the_white_mug_on_the_left_plate_and_put_the_ye.mp4
dense_s12,4,put the white mug on the left plate and put the yellow and white mug on the right plate,5,5,405042,False,True,700,70,72.40180176496506,/mnt/data/vmo-ai-task/anhdh35/FastWAM/runs/loopwam_nt/dense_v2_job4659_20261006/dense_s12_evaluation/videos/2026_10_06-06_09_29--episode=task4_trial5--success=False--task=put_the_white_mug_on_the_left_plate_and_put_the_ye.mp4
dense_s12,4,put the white mug on the left plate and put the yellow and white mug on the right plate,6,6,406042,True,False,237,24,29.156009956728667,/mnt/data/vmo-ai-task/anhdh35/FastWAM/runs/loopwam_nt/dense_v2_job4659_20261006/dense_s12_evaluation/videos/2026_10_06-06_09_29--episode=task4_trial6--success=True--task=put_the_white_mug_on_the_left_plate_and_put_the_ye.mp4
dense_s12,4,put the white mug on the left plate and put the yellow and white mug on the right plate,7,7,407042,False,True,700,70,69.99538771482185,/mnt/data/vmo-ai-task/anhdh35/FastWAM/runs/loopwam_nt/dense_v2_job4659_20261006/dense_s12_evaluation/videos/2026_10_06-06_09_29--episode=task4_trial7--success=False--task=put_the_white_mug_on_the_left_plate_and_put_the_ye.mp4
dense_s12,4,put the white mug on the left plate and put the yellow and white mug on the right plate,8,8,408042,False,True,700,70,71.1027197749354,/mnt/data/vmo-ai-task/anhdh35/FastWAM/runs/loopwam_nt/dense_v2_job4659_20261006/dense_s12_evaluation/videos/2026_10_06-06_09_29--episode=task4_trial8--success=False--task=put_the_white_mug_on_the_left_plate_and_put_the_ye.mp4
dense_s12,4,put the white mug on the left plate and put the yellow and white mug on the right plate,9,9,409042,True,False,234,24,28.174768554978073,/mnt/data/vmo-ai-task/anhdh35/FastWAM/runs/loopwam_nt/dense_v2_job4659_20261006/dense_s12_evaluation/videos/2026_10_06-06_09_29--episode=task4_trial9--success=True--task=put_the_white_mug_on_the_left_plate_and_put_the_ye.mp4
dense_s12,5,pick up the book and place it in the back compartment of the caddy,0,0,500042,True,False,176,18,22.611276740208268,/mnt/data/vmo-ai-task/anhdh35/FastWAM/runs/loopwam_nt/dense_v2_job4659_20261006/dense_s12_evaluation/videos/2026_10_06-06_09_29--episode=task5_trial0--success=True--task=pick_up_the_book_and_place_it_in_the_back_compartm.mp4
dense_s12,5,pick up the book and place it in the back compartment of the caddy,1,1,501042,True,False,181,19,23.511804729234427,/mnt/data/vmo-ai-task/anhdh35/FastWAM/runs/loopwam_nt/dense_v2_job4659_20261006/dense_s12_evaluation/videos/2026_10_06-06_09_29--episode=task5_trial1--success=True--task=pick_up_the_book_and_place_it_in_the_back_compartm.mp4
dense_s12,5,pick up the book and place it in the back compartment of the caddy,2,2,502042,True,False,163,17,21.48985381005332,/mnt/data/vmo-ai-task/anhdh35/FastWAM/runs/loopwam_nt/dense_v2_job4659_20261006/dense_s12_evaluation/videos/2026_10_06-06_09_29--episode=task5_trial2--success=True--task=pick_up_the_book_and_place_it_in_the_back_compartm.mp4
dense_s12,5,pick up the book and place it in the back compartment of the caddy,3,3,503042,True,False,164,17,22.345167105086148,/mnt/data/vmo-ai-task/anhdh35/FastWAM/runs/loopwam_nt/dense_v2_job4659_20261006/dense_s12_evaluation/videos/2026_10_06-06_09_29--episode=task5_trial3--success=True--task=pick_up_the_book_and_place_it_in_the_back_compartm.mp4
dense_s12,5,pick up the book and place it in the back compartment of the caddy,4,4,504042,True,False,162,17,21.842698037158698,/mnt/data/vmo-ai-task/anhdh35/FastWAM/runs/loopwam_nt/dense_v2_job4659_20261006/dense_s12_evaluation/videos/2026_10_06-06_09_29--episode=task5_trial4--success=True--task=pick_up_the_book_and_place_it_in_the_back_compartm.mp4
dense_s12,5,pick up the book and place it in the back compartment of the caddy,5,5,505042,True,False,200,20,26.017557634972036,/mnt/data/vmo-ai-task/anhdh35/FastWAM/runs/loopwam_nt/dense_v2_job4659_20261006/dense_s12_evaluation/videos/2026_10_06-06_09_29--episode=task5_trial5--success=True--task=pick_up_the_book_and_place_it_in_the_back_compartm.mp4
dense_s12,5,pick up the book and place it in the back compartment of the caddy,6,6,506042,True,False,174,18,23.664046060293913,/mnt/data/vmo-ai-task/anhdh35/FastWAM/runs/loopwam_nt/dense_v2_job4659_20261006/dense_s12_evaluation/videos/2026_10_06-06_09_29--episode=task5_trial6--success=True--task=pick_up_the_book_and_place_it_in_the_back_compartm.mp4
dense_s12,5,pick up the book and place it in the back compartment of the caddy,7,7,507042,True,False,176,18,24.246271597221494,/mnt/data/vmo-ai-task/anhdh35/FastWAM/runs/loopwam_nt/dense_v2_job4659_20261006/dense_s12_evaluation/videos/2026_10_06-06_09_29--episode=task5_trial7--success=True--task=pick_up_the_book_and_place_it_in_the_back_compartm.mp4
dense_s12,5,pick up the book and place it in the back compartment of the caddy,8,8,508042,True,False,181,19,24.789509925991297,/mnt/data/vmo-ai-task/anhdh35/FastWAM/runs/loopwam_nt/dense_v2_job4659_20261006/dense_s12_evaluation/videos/2026_10_06-06_09_29--episode=task5_trial8--success=True--task=pick_up_the_book_and_place_it_in_the_back_compartm.mp4
dense_s12,5,pick up the book and place it in the back compartment of the caddy,9,9,509042,True,False,178,18,23.86099348589778,/mnt/data/vmo-ai-task/anhdh35/FastWAM/runs/loopwam_nt/dense_v2_job4659_20261006/dense_s12_evaluation/videos/2026_10_06-06_09_29--episode=task5_trial9--success=True--task=pick_up_the_book_and_place_it_in_the_back_compartm.mp4
dense_s12,6,put the white mug on the plate and put the chocolate pudding to the right of the plate,0,0,600042,True,False,241,25,28.330762232188135,/mnt/data/vmo-ai-task/anhdh35/FastWAM/runs/loopwam_nt/dense_v2_job4659_20261006/dense_s12_evaluation/videos/2026_10_06-06_09_29--episode=task6_trial0--success=True--task=put_the_white_mug_on_the_plate_and_put_the_chocola.mp4
dense_s12,6,put the white mug on the plate and put the chocolate pudding to the right of the plate,1,1,601042,True,False,228,23,26.787993924226612,/mnt/data/vmo-ai-task/anhdh35/FastWAM/runs/loopwam_nt/dense_v2_job4659_20261006/dense_s12_evaluation/videos/2026_10_06-06_09_29--episode=task6_trial1--success=True--task=put_the_white_mug_on_the_plate_and_put_the_chocola.mp4
dense_s12,6,put the white mug on the plate and put the chocolate pudding to the right of the plate,2,2,602042,True,False,256,26,28.895646970253438,/mnt/data/vmo-ai-task/anhdh35/FastWAM/runs/loopwam_nt/dense_v2_job4659_20261006/dense_s12_evaluation/videos/2026_10_06-06_09_29--episode=task6_trial2--success=True--task=put_the_white_mug_on_the_plate_and_put_the_chocola.mp4
dense_s12,6,put the white mug on the plate and put the chocolate pudding to the right of the plate,3,3,603042,True,False,196,20,23.268213158939034,/mnt/data/vmo-ai-task/anhdh35/FastWAM/runs/loopwam_nt/dense_v2_job4659_20261006/dense_s12_evaluation/videos/2026_10_06-06_09_29--episode=task6_trial3--success=True--task=put_the_white_mug_on_the_plate_and_put_the_chocola.mp4
dense_s12,6,put the white mug on the plate and put the chocolate pudding to the right of the plate,4,4,604042,False,True,700,70,68.98782399808988,/mnt/data/vmo-ai-task/anhdh35/FastWAM/runs/loopwam_nt/dense_v2_job4659_20261006/dense_s12_evaluation/videos/2026_10_06-06_09_29--episode=task6_trial4--success=False--task=put_the_white_mug_on_the_plate_and_put_the_chocola.mp4
dense_s12,6,put the white mug on the plate and put the chocolate pudding to the right of the plate,5,5,605042,True,False,218,22,24.991996292956173,/mnt/data/vmo-ai-task/anhdh35/FastWAM/runs/loopwam_nt/dense_v2_job4659_20261006/dense_s12_evaluation/videos/2026_10_06-06_09_29--episode=task6_trial5--success=True--task=put_the_white_mug_on_the_plate_and_put_the_chocola.mp4
dense_s12,6,put the white mug on the plate and put the chocolate pudding to the right of the plate,6,6,606042,True,False,207,21,22.81829470116645,/mnt/data/vmo-ai-task/anhdh35/FastWAM/runs/loopwam_nt/dense_v2_job4659_20261006/dense_s12_evaluation/videos/2026_10_06-06_09_29--episode=task6_trial6--success=True--task=put_the_white_mug_on_the_plate_and_put_the_chocola.mp4
dense_s12,6,put the white mug on the plate and put the chocolate pudding to the right of the plate,7,7,607042,True,False,197,20,23.598253588192165,/mnt/data/vmo-ai-task/anhdh35/FastWAM/runs/loopwam_nt/dense_v2_job4659_20261006/dense_s12_evaluation/videos/2026_10_06-06_09_29--episode=task6_trial7--success=True--task=put_the_white_mug_on_the_plate_and_put_the_chocola.mp4
dense_s12,6,put the white mug on the plate and put the chocolate pudding to the right of the plate,8,8,608042,True,False,199,20,24.90942974993959,/mnt/data/vmo-ai-task/anhdh35/FastWAM/runs/loopwam_nt/dense_v2_job4659_20261006/dense_s12_evaluation/videos/2026_10_06-06_09_29--episode=task6_trial8--success=True--task=put_the_white_mug_on_the_plate_and_put_the_chocola.mp4
dense_s12,6,put the white mug on the plate and put the chocolate pudding to the right of the plate,9,9,609042,False,True,700,70,74.38612362602726,/mnt/data/vmo-ai-task/anhdh35/FastWAM/runs/loopwam_nt/dense_v2_job4659_20261006/dense_s12_evaluation/videos/2026_10_06-06_09_29--episode=task6_trial9--success=False--task=put_the_white_mug_on_the_plate_and_put_the_chocola.mp4
dense_s12,7,put both the alphabet soup and the cream cheese box in the basket,0,0,700042,True,False,240,24,35.0115460450761,/mnt/data/vmo-ai-task/anhdh35/FastWAM/runs/loopwam_nt/dense_v2_job4659_20261006/dense_s12_evaluation/videos/2026_10_06-06_09_29--episode=task7_trial0--success=True--task=put_both_the_alphabet_soup_and_the_cream_cheese_bo.mp4
dense_s12,7,put both the alphabet soup and the cream cheese box in the basket,1,1,701042,True,False,238,24,36.177828217856586,/mnt/data/vmo-ai-task/anhdh35/FastWAM/runs/loopwam_nt/dense_v2_job4659_20261006/dense_s12_evaluation/videos/2026_10_06-06_09_29--episode=task7_trial1--success=True--task=put_both_the_alphabet_soup_and_the_cream_cheese_bo.mp4
dense_s12,7,put both the alphabet soup and the cream cheese box in the basket,2,2,702042,True,False,247,25,36.72650402970612,/mnt/data/vmo-ai-task/anhdh35/FastWAM/runs/loopwam_nt/dense_v2_job4659_20261006/dense_s12_evaluation/videos/2026_10_06-06_09_29--episode=task7_trial2--success=True--task=put_both_the_alphabet_soup_and_the_cream_cheese_bo.mp4
dense_s12,7,put both the alphabet soup and the cream cheese box in the basket,3,3,703042,True,False,259,26,37.78625025600195,/mnt/data/vmo-ai-task/anhdh35/FastWAM/runs/loopwam_nt/dense_v2_job4659_20261006/dense_s12_evaluation/videos/2026_10_06-06_09_29--episode=task7_trial3--success=True--task=put_both_the_alphabet_soup_and_the_cream_cheese_bo.mp4
dense_s12,7,put both the alphabet soup and the cream cheese box in the basket,4,4,704042,True,False,262,27,38.52082507312298,/mnt/data/vmo-ai-task/anhdh35/FastWAM/runs/loopwam_nt/dense_v2_job4659_20261006/dense_s12_evaluation/videos/2026_10_06-06_09_29--episode=task7_trial4--success=True--task=put_both_the_alphabet_soup_and_the_cream_cheese_bo.mp4
dense_s12,7,put both the alphabet soup and the cream cheese box in the basket,5,5,705042,True,False,302,31,43.85850944602862,/mnt/data/vmo-ai-task/anhdh35/FastWAM/runs/loopwam_nt/dense_v2_job4659_20261006/dense_s12_evaluation/videos/2026_10_06-06_09_29--episode=task7_trial5--success=True--task=put_both_the_alphabet_soup_and_the_cream_cheese_bo.mp4
dense_s12,7,put both the alphabet soup and the cream cheese box in the basket,6,6,706042,False,True,700,70,89.1552387564443,/mnt/data/vmo-ai-task/anhdh35/FastWAM/runs/loopwam_nt/dense_v2_job4659_20261006/dense_s12_evaluation/videos/2026_10_06-06_09_29--episode=task7_trial6--success=False--task=put_both_the_alphabet_soup_and_the_cream_cheese_bo.mp4
dense_s12,7,put both the alphabet soup and the cream cheese box in the basket,7,7,707042,True,False,247,25,35.65585494739935,/mnt/data/vmo-ai-task/anhdh35/FastWAM/runs/loopwam_nt/dense_v2_job4659_20261006/dense_s12_evaluation/videos/2026_10_06-06_09_29--episode=task7_trial7--success=True--task=put_both_the_alphabet_soup_and_the_cream_cheese_bo.mp4
dense_s12,7,put both the alphabet soup and the cream cheese box in the basket,8,8,708042,True,False,263,27,37.310730004217476,/mnt/data/vmo-ai-task/anhdh35/FastWAM/runs/loopwam_nt/dense_v2_job4659_20261006/dense_s12_evaluation/videos/2026_10_06-06_09_29--episode=task7_trial8--success=True--task=put_both_the_alphabet_soup_and_the_cream_cheese_bo.mp4
dense_s12,7,put both the alphabet soup and the cream cheese box in the basket,9,9,709042,False,True,700,70,88.30546093219891,/mnt/data/vmo-ai-task/anhdh35/FastWAM/runs/loopwam_nt/dense_v2_job4659_20261006/dense_s12_evaluation/videos/2026_10_06-06_09_29--episode=task7_trial9--success=False--task=put_both_the_alphabet_soup_and_the_cream_cheese_bo.mp4
dense_s12,8,put both moka pots on the stove,0,0,800042,True,False,420,42,84.82398665789515,/mnt/data/vmo-ai-task/anhdh35/FastWAM/runs/loopwam_nt/dense_v2_job4659_20261006/dense_s12_evaluation/videos/2026_10_06-06_09_29--episode=task8_trial0--success=True--task=put_both_moka_pots_on_the_stove.mp4
dense_s12,8,put both moka pots on the stove,1,1,801042,True,False,390,39,80.70509669417515,/mnt/data/vmo-ai-task/anhdh35/FastWAM/runs/loopwam_nt/dense_v2_job4659_20261006/dense_s12_evaluation/videos/2026_10_06-06_09_29--episode=task8_trial1--success=True--task=put_both_moka_pots_on_the_stove.mp4
dense_s12,8,put both moka pots on the stove,2,2,802042,False,True,700,70,135.733774933964,/mnt/data/vmo-ai-task/anhdh35/FastWAM/runs/loopwam_nt/dense_v2_job4659_20261006/dense_s12_evaluation/videos/2026_10_06-06_09_29--episode=task8_trial2--success=False--task=put_both_moka_pots_on_the_stove.mp4
dense_s12,8,put both moka pots on the stove,3,3,803042,True,False,394,40,78.56128510925919,/mnt/data/vmo-ai-task/anhdh35/FastWAM/runs/loopwam_nt/dense_v2_job4659_20261006/dense_s12_evaluation/videos/2026_10_06-06_09_29--episode=task8_trial3--success=True--task=put_both_moka_pots_on_the_stove.mp4
dense_s12,8,put both moka pots on the stove,4,4,804042,True,False,400,40,80.1118296738714,/mnt/data/vmo-ai-task/anhdh35/FastWAM/runs/loopwam_nt/dense_v2_job4659_20261006/dense_s12_evaluation/videos/2026_10_06-06_09_29--episode=task8_trial4--success=True--task=put_both_moka_pots_on_the_stove.mp4
dense_s12,8,put both moka pots on the stove,5,5,805042,True,False,382,39,76.26475976407528,/mnt/data/vmo-ai-task/anhdh35/FastWAM/runs/loopwam_nt/dense_v2_job4659_20261006/dense_s12_evaluation/videos/2026_10_06-06_09_29--episode=task8_trial5--success=True--task=put_both_moka_pots_on_the_stove.mp4
dense_s12,8,put both moka pots on the stove,6,6,806042,True,False,393,40,78.25514894584194,/mnt/data/vmo-ai-task/anhdh35/FastWAM/runs/loopwam_nt/dense_v2_job4659_20261006/dense_s12_evaluation/videos/2026_10_06-06_09_29--episode=task8_trial6--success=True--task=put_both_moka_pots_on_the_stove.mp4
dense_s12,8,put both moka pots on the stove,7,7,807042,False,True,700,70,134.528152607847,/mnt/data/vmo-ai-task/anhdh35/FastWAM/runs/loopwam_nt/dense_v2_job4659_20261006/dense_s12_evaluation/videos/2026_10_06-06_09_29--episode=task8_trial7--success=False--task=put_both_moka_pots_on_the_stove.mp4
dense_s12,8,put both moka pots on the stove,8,8,808042,True,False,354,36,71.74119488243014,/mnt/data/vmo-ai-task/anhdh35/FastWAM/runs/loopwam_nt/dense_v2_job4659_20261006/dense_s12_evaluation/videos/2026_10_06-06_09_29--episode=task8_trial8--success=True--task=put_both_moka_pots_on_the_stove.mp4
dense_s12,8,put both moka pots on the stove,9,9,809042,True,False,385,39,77.39089414896443,/mnt/data/vmo-ai-task/anhdh35/FastWAM/runs/loopwam_nt/dense_v2_job4659_20261006/dense_s12_evaluation/videos/2026_10_06-06_09_29--episode=task8_trial9--success=True--task=put_both_moka_pots_on_the_stove.mp4
dense_s12,9,put the yellow and white mug in the microwave and close it,0,0,900042,True,False,240,24,34.68803966417909,/mnt/data/vmo-ai-task/anhdh35/FastWAM/runs/loopwam_nt/dense_v2_job4659_20261006/dense_s12_evaluation/videos/2026_10_06-06_09_29--episode=task9_trial0--success=True--task=put_the_yellow_and_white_mug_in_the_microwave_and_.mp4
dense_s12,9,put the yellow and white mug in the microwave and close it,1,1,901042,True,False,240,24,34.6033307868056,/mnt/data/vmo-ai-task/anhdh35/FastWAM/runs/loopwam_nt/dense_v2_job4659_20261006/dense_s12_evaluation/videos/2026_10_06-06_09_29--episode=task9_trial1--success=True--task=put_the_yellow_and_white_mug_in_the_microwave_and_.mp4
dense_s12,9,put the yellow and white mug in the microwave and close it,2,2,902042,True,False,263,27,39.18738697189838,/mnt/data/vmo-ai-task/anhdh35/FastWAM/runs/loopwam_nt/dense_v2_job4659_20261006/dense_s12_evaluation/videos/2026_10_06-06_09_29--episode=task9_trial2--success=True--task=put_the_yellow_and_white_mug_in_the_microwave_and_.mp4
dense_s12,9,put the yellow and white mug in the microwave and close it,3,3,903042,True,False,250,25,36.93611054494977,/mnt/data/vmo-ai-task/anhdh35/FastWAM/runs/loopwam_nt/dense_v2_job4659_20261006/dense_s12_evaluation/videos/2026_10_06-06_09_29--episode=task9_trial3--success=True--task=put_the_yellow_and_white_mug_in_the_microwave_and_.mp4
dense_s12,9,put the yellow and white mug in the microwave and close it,4,4,904042,False,True,700,70,90.45013720309362,/mnt/data/vmo-ai-task/anhdh35/FastWAM/runs/loopwam_nt/dense_v2_job4659_20261006/dense_s12_evaluation/videos/2026_10_06-06_09_29--episode=task9_trial4--success=False--task=put_the_yellow_and_white_mug_in_the_microwave_and_.mp4
dense_s12,9,put the yellow and white mug in the microwave and close it,5,5,905042,False,True,700,70,88.69076917879283,/mnt/data/vmo-ai-task/anhdh35/FastWAM/runs/loopwam_nt/dense_v2_job4659_20261006/dense_s12_evaluation/videos/2026_10_06-06_09_29--episode=task9_trial5--success=False--task=put_the_yellow_and_white_mug_in_the_microwave_and_.mp4
dense_s12,9,put the yellow and white mug in the microwave and close it,6,6,906042,True,False,244,25,36.17142395116389,/mnt/data/vmo-ai-task/anhdh35/FastWAM/runs/loopwam_nt/dense_v2_job4659_20261006/dense_s12_evaluation/videos/2026_10_06-06_09_29--episode=task9_trial6--success=True--task=put_the_yellow_and_white_mug_in_the_microwave_and_.mp4
dense_s12,9,put the yellow and white mug in the microwave and close it,7,7,907042,True,False,255,26,37.568480868823826,/mnt/data/vmo-ai-task/anhdh35/FastWAM/runs/loopwam_nt/dense_v2_job4659_20261006/dense_s12_evaluation/videos/2026_10_06-06_09_29--episode=task9_trial7--success=True--task=put_the_yellow_and_white_mug_in_the_microwave_and_.mp4
dense_s12,9,put the yellow and white mug in the microwave and close it,8,8,908042,False,True,700,70,90.01779777510092,/mnt/data/vmo-ai-task/anhdh35/FastWAM/runs/loopwam_nt/dense_v2_job4659_20261006/dense_s12_evaluation/videos/2026_10_06-06_09_29--episode=task9_trial8--success=False--task=put_the_yellow_and_white_mug_in_the_microwave_and_.mp4
dense_s12,9,put the yellow and white mug in the microwave and close it,9,9,909042,True,False,256,26,37.1574398460798,/mnt/data/vmo-ai-task/anhdh35/FastWAM/runs/loopwam_nt/dense_v2_job4659_20261006/dense_s12_evaluation/videos/2026_10_06-06_09_29--episode=task9_trial9--success=True--task=put_the_yellow_and_white_mug_in_the_microwave_and_.mp4
v2,0,put both the alphabet soup and the tomato sauce in the basket,0,0,42,True,False,265,27,50.75558141898364,/mnt/data/vmo-ai-task/anhdh35/FastWAM/runs/loopwam_nt/dense_v2_job4659_20261006/v2_evaluation/videos/2026_10_06-11_58_45--episode=task0_trial0--success=True--task=put_both_the_alphabet_soup_and_the_tomato_sauce_in.mp4
v2,0,put both the alphabet soup and the tomato sauce in the basket,1,1,1042,True,False,295,30,54.77892788499594,/mnt/data/vmo-ai-task/anhdh35/FastWAM/runs/loopwam_nt/dense_v2_job4659_20261006/v2_evaluation/videos/2026_10_06-11_58_45--episode=task0_trial1--success=True--task=put_both_the_alphabet_soup_and_the_tomato_sauce_in.mp4
v2,0,put both the alphabet soup and the tomato sauce in the basket,2,2,2042,True,False,264,27,51.89050200628117,/mnt/data/vmo-ai-task/anhdh35/FastWAM/runs/loopwam_nt/dense_v2_job4659_20261006/v2_evaluation/videos/2026_10_06-11_58_45--episode=task0_trial2--success=True--task=put_both_the_alphabet_soup_and_the_tomato_sauce_in.mp4
v2,0,put both the alphabet soup and the tomato sauce in the basket,3,3,3042,True,False,271,28,52.09894358366728,/mnt/data/vmo-ai-task/anhdh35/FastWAM/runs/loopwam_nt/dense_v2_job4659_20261006/v2_evaluation/videos/2026_10_06-11_58_45--episode=task0_trial3--success=True--task=put_both_the_alphabet_soup_and_the_tomato_sauce_in.mp4
v2,0,put both the alphabet soup and the tomato sauce in the basket,4,4,4042,False,True,700,70,119.11120092915371,/mnt/data/vmo-ai-task/anhdh35/FastWAM/runs/loopwam_nt/dense_v2_job4659_20261006/v2_evaluation/videos/2026_10_06-11_58_45--episode=task0_trial4--success=False--task=put_both_the_alphabet_soup_and_the_tomato_sauce_in.mp4
v2,0,put both the alphabet soup and the tomato sauce in the basket,5,5,5042,False,True,700,70,118.84905483294278,/mnt/data/vmo-ai-task/anhdh35/FastWAM/runs/loopwam_nt/dense_v2_job4659_20261006/v2_evaluation/videos/2026_10_06-11_58_45--episode=task0_trial5--success=False--task=put_both_the_alphabet_soup_and_the_tomato_sauce_in.mp4
v2,0,put both the alphabet soup and the tomato sauce in the basket,6,6,6042,True,False,290,29,55.255167433060706,/mnt/data/vmo-ai-task/anhdh35/FastWAM/runs/loopwam_nt/dense_v2_job4659_20261006/v2_evaluation/videos/2026_10_06-11_58_45--episode=task0_trial6--success=True--task=put_both_the_alphabet_soup_and_the_tomato_sauce_in.mp4
v2,0,put both the alphabet soup and the tomato sauce in the basket,7,7,7042,False,True,700,70,122.44468220183626,/mnt/data/vmo-ai-task/anhdh35/FastWAM/runs/loopwam_nt/dense_v2_job4659_20261006/v2_evaluation/videos/2026_10_06-11_58_45--episode=task0_trial7--success=False--task=put_both_the_alphabet_soup_and_the_tomato_sauce_in.mp4
v2,0,put both the alphabet soup and the tomato sauce in the basket,8,8,8042,True,False,278,28,52.73111498123035,/mnt/data/vmo-ai-task/anhdh35/FastWAM/runs/loopwam_nt/dense_v2_job4659_20261006/v2_evaluation/videos/2026_10_06-11_58_45--episode=task0_trial8--success=True--task=put_both_the_alphabet_soup_and_the_tomato_sauce_in.mp4
v2,0,put both the alphabet soup and the tomato sauce in the basket,9,9,9042,True,False,260,26,49.7488423762843,/mnt/data/vmo-ai-task/anhdh35/FastWAM/runs/loopwam_nt/dense_v2_job4659_20261006/v2_evaluation/videos/2026_10_06-11_58_45--episode=task0_trial9--success=True--task=put_both_the_alphabet_soup_and_the_tomato_sauce_in.mp4
v2,1,put both the cream cheese box and the butter in the basket,0,0,100042,True,False,236,24,45.0700079430826,/mnt/data/vmo-ai-task/anhdh35/FastWAM/runs/loopwam_nt/dense_v2_job4659_20261006/v2_evaluation/videos/2026_10_06-11_58_45--episode=task1_trial0--success=True--task=put_both_the_cream_cheese_box_and_the_butter_in_th.mp4
v2,1,put both the cream cheese box and the butter in the basket,1,1,101042,True,False,250,25,46.27006110269576,/mnt/data/vmo-ai-task/anhdh35/FastWAM/runs/loopwam_nt/dense_v2_job4659_20261006/v2_evaluation/videos/2026_10_06-11_58_45--episode=task1_trial1--success=True--task=put_both_the_cream_cheese_box_and_the_butter_in_th.mp4
v2,1,put both the cream cheese box and the butter in the basket,2,2,102042,True,False,291,30,54.50270497100428,/mnt/data/vmo-ai-task/anhdh35/FastWAM/runs/loopwam_nt/dense_v2_job4659_20261006/v2_evaluation/videos/2026_10_06-11_58_45--episode=task1_trial2--success=True--task=put_both_the_cream_cheese_box_and_the_butter_in_th.mp4
v2,1,put both the cream cheese box and the butter in the basket,3,3,103042,True,False,238,24,46.1688492577523,/mnt/data/vmo-ai-task/anhdh35/FastWAM/runs/loopwam_nt/dense_v2_job4659_20261006/v2_evaluation/videos/2026_10_06-11_58_45--episode=task1_trial3--success=True--task=put_both_the_cream_cheese_box_and_the_butter_in_th.mp4
v2,1,put both the cream cheese box and the butter in the basket,4,4,104042,True,False,241,25,45.60633393097669,/mnt/data/vmo-ai-task/anhdh35/FastWAM/runs/loopwam_nt/dense_v2_job4659_20261006/v2_evaluation/videos/2026_10_06-11_58_45--episode=task1_trial4--success=True--task=put_both_the_cream_cheese_box_and_the_butter_in_th.mp4
v2,1,put both the cream cheese box and the butter in the basket,5,5,105042,False,True,700,70,116.87135135103017,/mnt/data/vmo-ai-task/anhdh35/FastWAM/runs/loopwam_nt/dense_v2_job4659_20261006/v2_evaluation/videos/2026_10_06-11_58_45--episode=task1_trial5--success=False--task=put_both_the_cream_cheese_box_and_the_butter_in_th.mp4
v2,1,put both the cream cheese box and the butter in the basket,6,6,106042,True,False,233,24,45.7471085251309,/mnt/data/vmo-ai-task/anhdh35/FastWAM/runs/loopwam_nt/dense_v2_job4659_20261006/v2_evaluation/videos/2026_10_06-11_58_45--episode=task1_trial6--success=True--task=put_both_the_cream_cheese_box_and_the_butter_in_th.mp4
v2,1,put both the cream cheese box and the butter in the basket,7,7,107042,True,False,228,23,46.23981045233086,/mnt/data/vmo-ai-task/anhdh35/FastWAM/runs/loopwam_nt/dense_v2_job4659_20261006/v2_evaluation/videos/2026_10_06-11_58_45--episode=task1_trial7--success=True--task=put_both_the_cream_cheese_box_and_the_butter_in_th.mp4
v2,1,put both the cream cheese box and the butter in the basket,8,8,108042,True,False,249,25,49.08270509308204,/mnt/data/vmo-ai-task/anhdh35/FastWAM/runs/loopwam_nt/dense_v2_job4659_20261006/v2_evaluation/videos/2026_10_06-11_58_45--episode=task1_trial8--success=True--task=put_both_the_cream_cheese_box_and_the_butter_in_th.mp4
v2,1,put both the cream cheese box and the butter in the basket,9,9,109042,True,False,450,45,83.92274791700765,/mnt/data/vmo-ai-task/anhdh35/FastWAM/runs/loopwam_nt/dense_v2_job4659_20261006/v2_evaluation/videos/2026_10_06-11_58_45--episode=task1_trial9--success=True--task=put_both_the_cream_cheese_box_and_the_butter_in_th.mp4
v2,2,turn on the stove and put the moka pot on it,0,0,200042,True,False,223,23,54.89330804999918,/mnt/data/vmo-ai-task/anhdh35/FastWAM/runs/loopwam_nt/dense_v2_job4659_20261006/v2_evaluation/videos/2026_10_06-11_58_45--episode=task2_trial0--success=True--task=turn_on_the_stove_and_put_the_moka_pot_on_it.mp4
v2,2,turn on the stove and put the moka pot on it,1,1,201042,False,True,700,70,151.61500107869506,/mnt/data/vmo-ai-task/anhdh35/FastWAM/runs/loopwam_nt/dense_v2_job4659_20261006/v2_evaluation/videos/2026_10_06-11_58_45--episode=task2_trial1--success=False--task=turn_on_the_stove_and_put_the_moka_pot_on_it.mp4
v2,2,turn on the stove and put the moka pot on it,2,2,202042,True,False,230,23,56.10865373304114,/mnt/data/vmo-ai-task/anhdh35/FastWAM/runs/loopwam_nt/dense_v2_job4659_20261006/v2_evaluation/videos/2026_10_06-11_58_45--episode=task2_trial2--success=True--task=turn_on_the_stove_and_put_the_moka_pot_on_it.mp4
v2,2,turn on the stove and put the moka pot on it,3,3,203042,True,False,230,23,56.30008292105049,/mnt/data/vmo-ai-task/anhdh35/FastWAM/runs/loopwam_nt/dense_v2_job4659_20261006/v2_evaluation/videos/2026_10_06-11_58_45--episode=task2_trial3--success=True--task=turn_on_the_stove_and_put_the_moka_pot_on_it.mp4
v2,2,turn on the stove and put the moka pot on it,4,4,204042,True,False,226,23,55.9927754229866,/mnt/data/vmo-ai-task/anhdh35/FastWAM/runs/loopwam_nt/dense_v2_job4659_20261006/v2_evaluation/videos/2026_10_06-11_58_45--episode=task2_trial4--success=True--task=turn_on_the_stove_and_put_the_moka_pot_on_it.mp4
v2,2,turn on the stove and put the moka pot on it,5,5,205042,True,False,233,24,59.62886428833008,/mnt/data/vmo-ai-task/anhdh35/FastWAM/runs/loopwam_nt/dense_v2_job4659_20261006/v2_evaluation/videos/2026_10_06-11_58_45--episode=task2_trial5--success=True--task=turn_on_the_stove_and_put_the_moka_pot_on_it.mp4
v2,2,turn on the stove and put the moka pot on it,6,6,206042,False,True,700,70,159.00912509579211,/mnt/data/vmo-ai-task/anhdh35/FastWAM/runs/loopwam_nt/dense_v2_job4659_20261006/v2_evaluation/videos/2026_10_06-11_58_45--episode=task2_trial6--success=False--task=turn_on_the_stove_and_put_the_moka_pot_on_it.mp4
v2,2,turn on the stove and put the moka pot on it,7,7,207042,True,False,227,23,58.32850375585258,/mnt/data/vmo-ai-task/anhdh35/FastWAM/runs/loopwam_nt/dense_v2_job4659_20261006/v2_evaluation/videos/2026_10_06-11_58_45--episode=task2_trial7--success=True--task=turn_on_the_stove_and_put_the_moka_pot_on_it.mp4
v2,2,turn on the stove and put the moka pot on it,8,8,208042,True,False,240,24,60.9523256001994,/mnt/data/vmo-ai-task/anhdh35/FastWAM/runs/loopwam_nt/dense_v2_job4659_20261006/v2_evaluation/videos/2026_10_06-11_58_45--episode=task2_trial8--success=True--task=turn_on_the_stove_and_put_the_moka_pot_on_it.mp4
v2,2,turn on the stove and put the moka pot on it,9,9,209042,True,False,227,23,56.26715330174193,/mnt/data/vmo-ai-task/anhdh35/FastWAM/runs/loopwam_nt/dense_v2_job4659_20261006/v2_evaluation/videos/2026_10_06-11_58_45--episode=task2_trial9--success=True--task=turn_on_the_stove_and_put_the_moka_pot_on_it.mp4
v2,3,put the black bowl in the bottom drawer of the cabinet and close it,0,0,300042,True,False,231,24,41.94222099892795,/mnt/data/vmo-ai-task/anhdh35/FastWAM/runs/loopwam_nt/dense_v2_job4659_20261006/v2_evaluation/videos/2026_10_06-11_58_46--episode=task3_trial0--success=True--task=put_the_black_bowl_in_the_bottom_drawer_of_the_cab.mp4
v2,3,put the black bowl in the bottom drawer of the cabinet and close it,1,1,301042,True,False,217,22,40.43522878875956,/mnt/data/vmo-ai-task/anhdh35/FastWAM/runs/loopwam_nt/dense_v2_job4659_20261006/v2_evaluation/videos/2026_10_06-11_58_46--episode=task3_trial1--success=True--task=put_the_black_bowl_in_the_bottom_drawer_of_the_cab.mp4
v2,3,put the black bowl in the bottom drawer of the cabinet and close it,2,2,302042,True,False,229,23,44.28047223109752,/mnt/data/vmo-ai-task/anhdh35/FastWAM/runs/loopwam_nt/dense_v2_job4659_20261006/v2_evaluation/videos/2026_10_06-11_58_46--episode=task3_trial2--success=True--task=put_the_black_bowl_in_the_bottom_drawer_of_the_cab.mp4
v2,3,put the black bowl in the bottom drawer of the cabinet and close it,3,3,303042,True,False,295,30,51.99056900991127,/mnt/data/vmo-ai-task/anhdh35/FastWAM/runs/loopwam_nt/dense_v2_job4659_20261006/v2_evaluation/videos/2026_10_06-11_58_46--episode=task3_trial3--success=True--task=put_the_black_bowl_in_the_bottom_drawer_of_the_cab.mp4
v2,3,put the black bowl in the bottom drawer of the cabinet and close it,4,4,304042,True,False,232,24,41.95756702590734,/mnt/data/vmo-ai-task/anhdh35/FastWAM/runs/loopwam_nt/dense_v2_job4659_20261006/v2_evaluation/videos/2026_10_06-11_58_46--episode=task3_trial4--success=True--task=put_the_black_bowl_in_the_bottom_drawer_of_the_cab.mp4
v2,3,put the black bowl in the bottom drawer of the cabinet and close it,5,5,305042,True,False,218,22,39.251856747083366,/mnt/data/vmo-ai-task/anhdh35/FastWAM/runs/loopwam_nt/dense_v2_job4659_20261006/v2_evaluation/videos/2026_10_06-11_58_46--episode=task3_trial5--success=True--task=put_the_black_bowl_in_the_bottom_drawer_of_the_cab.mp4
v2,3,put the black bowl in the bottom drawer of the cabinet and close it,6,6,306042,True,False,213,22,39.70433975383639,/mnt/data/vmo-ai-task/anhdh35/FastWAM/runs/loopwam_nt/dense_v2_job4659_20261006/v2_evaluation/videos/2026_10_06-11_58_46--episode=task3_trial6--success=True--task=put_the_black_bowl_in_the_bottom_drawer_of_the_cab.mp4
v2,3,put the black bowl in the bottom drawer of the cabinet and close it,7,7,307042,True,False,208,21,37.387435051146895,/mnt/data/vmo-ai-task/anhdh35/FastWAM/runs/loopwam_nt/dense_v2_job4659_20261006/v2_evaluation/videos/2026_10_06-11_58_46--episode=task3_trial7--success=True--task=put_the_black_bowl_in_the_bottom_drawer_of_the_cab.mp4
v2,3,put the black bowl in the bottom drawer of the cabinet and close it,8,8,308042,True,False,214,22,39.83853369439021,/mnt/data/vmo-ai-task/anhdh35/FastWAM/runs/loopwam_nt/dense_v2_job4659_20261006/v2_evaluation/videos/2026_10_06-11_58_46--episode=task3_trial8--success=True--task=put_the_black_bowl_in_the_bottom_drawer_of_the_cab.mp4
v2,3,put the black bowl in the bottom drawer of the cabinet and close it,9,9,309042,True,False,286,29,52.33839053940028,/mnt/data/vmo-ai-task/anhdh35/FastWAM/runs/loopwam_nt/dense_v2_job4659_20261006/v2_evaluation/videos/2026_10_06-11_58_46--episode=task3_trial9--success=True--task=put_the_black_bowl_in_the_bottom_drawer_of_the_cab.mp4
v2,4,put the white mug on the left plate and put the yellow and white mug on the right plate,0,0,400042,True,False,242,25,35.474706260021776,/mnt/data/vmo-ai-task/anhdh35/FastWAM/runs/loopwam_nt/dense_v2_job4659_20261006/v2_evaluation/videos/2026_10_06-11_58_45--episode=task4_trial0--success=True--task=put_the_white_mug_on_the_left_plate_and_put_the_ye.mp4
v2,4,put the white mug on the left plate and put the yellow and white mug on the right plate,1,1,401042,False,True,700,70,88.7273564869538,/mnt/data/vmo-ai-task/anhdh35/FastWAM/runs/loopwam_nt/dense_v2_job4659_20261006/v2_evaluation/videos/2026_10_06-11_58_45--episode=task4_trial1--success=False--task=put_the_white_mug_on_the_left_plate_and_put_the_ye.mp4
v2,4,put the white mug on the left plate and put the yellow and white mug on the right plate,2,2,402042,True,False,224,23,32.560903783887625,/mnt/data/vmo-ai-task/anhdh35/FastWAM/runs/loopwam_nt/dense_v2_job4659_20261006/v2_evaluation/videos/2026_10_06-11_58_45--episode=task4_trial2--success=True--task=put_the_white_mug_on_the_left_plate_and_put_the_ye.mp4
v2,4,put the white mug on the left plate and put the yellow and white mug on the right plate,3,3,403042,True,False,245,25,35.38155606901273,/mnt/data/vmo-ai-task/anhdh35/FastWAM/runs/loopwam_nt/dense_v2_job4659_20261006/v2_evaluation/videos/2026_10_06-11_58_45--episode=task4_trial3--success=True--task=put_the_white_mug_on_the_left_plate_and_put_the_ye.mp4
v2,4,put the white mug on the left plate and put the yellow and white mug on the right plate,4,4,404042,True,False,223,23,32.41024431120604,/mnt/data/vmo-ai-task/anhdh35/FastWAM/runs/loopwam_nt/dense_v2_job4659_20261006/v2_evaluation/videos/2026_10_06-11_58_45--episode=task4_trial4--success=True--task=put_the_white_mug_on_the_left_plate_and_put_the_ye.mp4
v2,4,put the white mug on the left plate and put the yellow and white mug on the right plate,5,5,405042,True,False,247,25,35.58796329982579,/mnt/data/vmo-ai-task/anhdh35/FastWAM/runs/loopwam_nt/dense_v2_job4659_20261006/v2_evaluation/videos/2026_10_06-11_58_45--episode=task4_trial5--success=True--task=put_the_white_mug_on_the_left_plate_and_put_the_ye.mp4
v2,4,put the white mug on the left plate and put the yellow and white mug on the right plate,6,6,406042,True,False,225,23,33.30807137163356,/mnt/data/vmo-ai-task/anhdh35/FastWAM/runs/loopwam_nt/dense_v2_job4659_20261006/v2_evaluation/videos/2026_10_06-11_58_45--episode=task4_trial6--success=True--task=put_the_white_mug_on_the_left_plate_and_put_the_ye.mp4
v2,4,put the white mug on the left plate and put the yellow and white mug on the right plate,7,7,407042,False,True,700,70,87.84590519499034,/mnt/data/vmo-ai-task/anhdh35/FastWAM/runs/loopwam_nt/dense_v2_job4659_20261006/v2_evaluation/videos/2026_10_06-11_58_45--episode=task4_trial7--success=False--task=put_the_white_mug_on_the_left_plate_and_put_the_ye.mp4
v2,4,put the white mug on the left plate and put the yellow and white mug on the right plate,8,8,408042,False,True,700,70,86.25673366570845,/mnt/data/vmo-ai-task/anhdh35/FastWAM/runs/loopwam_nt/dense_v2_job4659_20261006/v2_evaluation/videos/2026_10_06-11_58_45--episode=task4_trial8--success=False--task=put_the_white_mug_on_the_left_plate_and_put_the_ye.mp4
v2,4,put the white mug on the left plate and put the yellow and white mug on the right plate,9,9,409042,True,False,232,24,33.43344693398103,/mnt/data/vmo-ai-task/anhdh35/FastWAM/runs/loopwam_nt/dense_v2_job4659_20261006/v2_evaluation/videos/2026_10_06-11_58_45--episode=task4_trial9--success=True--task=put_the_white_mug_on_the_left_plate_and_put_the_ye.mp4
v2,5,pick up the book and place it in the back compartment of the caddy,0,0,500042,True,False,171,18,27.60410518012941,/mnt/data/vmo-ai-task/anhdh35/FastWAM/runs/loopwam_nt/dense_v2_job4659_20261006/v2_evaluation/videos/2026_10_06-11_58_45--episode=task5_trial0--success=True--task=pick_up_the_book_and_place_it_in_the_back_compartm.mp4
v2,5,pick up the book and place it in the back compartment of the caddy,1,1,501042,True,False,170,17,28.05790837202221,/mnt/data/vmo-ai-task/anhdh35/FastWAM/runs/loopwam_nt/dense_v2_job4659_20261006/v2_evaluation/videos/2026_10_06-11_58_45--episode=task5_trial1--success=True--task=pick_up_the_book_and_place_it_in_the_back_compartm.mp4
v2,5,pick up the book and place it in the back compartment of the caddy,2,2,502042,True,False,165,17,27.693192277103662,/mnt/data/vmo-ai-task/anhdh35/FastWAM/runs/loopwam_nt/dense_v2_job4659_20261006/v2_evaluation/videos/2026_10_06-11_58_45--episode=task5_trial2--success=True--task=pick_up_the_book_and_place_it_in_the_back_compartm.mp4
v2,5,pick up the book and place it in the back compartment of the caddy,3,3,503042,True,False,172,18,28.847808418329805,/mnt/data/vmo-ai-task/anhdh35/FastWAM/runs/loopwam_nt/dense_v2_job4659_20261006/v2_evaluation/videos/2026_10_06-11_58_45--episode=task5_trial3--success=True--task=pick_up_the_book_and_place_it_in_the_back_compartm.mp4
v2,5,pick up the book and place it in the back compartment of the caddy,4,4,504042,True,False,176,18,28.352909880224615,/mnt/data/vmo-ai-task/anhdh35/FastWAM/runs/loopwam_nt/dense_v2_job4659_20261006/v2_evaluation/videos/2026_10_06-11_58_45--episode=task5_trial4--success=True--task=pick_up_the_book_and_place_it_in_the_back_compartm.mp4
v2,5,pick up the book and place it in the back compartment of the caddy,5,5,505042,True,False,154,16,25.983432692941278,/mnt/data/vmo-ai-task/anhdh35/FastWAM/runs/loopwam_nt/dense_v2_job4659_20261006/v2_evaluation/videos/2026_10_06-11_58_45--episode=task5_trial5--success=True--task=pick_up_the_book_and_place_it_in_the_back_compartm.mp4
v2,5,pick up the book and place it in the back compartment of the caddy,6,6,506042,True,False,193,20,30.074005788192153,/mnt/data/vmo-ai-task/anhdh35/FastWAM/runs/loopwam_nt/dense_v2_job4659_20261006/v2_evaluation/videos/2026_10_06-11_58_45--episode=task5_trial6--success=True--task=pick_up_the_book_and_place_it_in_the_back_compartm.mp4
v2,5,pick up the book and place it in the back compartment of the caddy,7,7,507042,True,False,166,17,27.270952417049557,/mnt/data/vmo-ai-task/anhdh35/FastWAM/runs/loopwam_nt/dense_v2_job4659_20261006/v2_evaluation/videos/2026_10_06-11_58_45--episode=task5_trial7--success=True--task=pick_up_the_book_and_place_it_in_the_back_compartm.mp4
v2,5,pick up the book and place it in the back compartment of the caddy,8,8,508042,True,False,261,27,40.32727082492784,/mnt/data/vmo-ai-task/anhdh35/FastWAM/runs/loopwam_nt/dense_v2_job4659_20261006/v2_evaluation/videos/2026_10_06-11_58_45--episode=task5_trial8--success=True--task=pick_up_the_book_and_place_it_in_the_back_compartm.mp4
v2,5,pick up the book and place it in the back compartment of the caddy,9,9,509042,True,False,172,18,27.984279695898294,/mnt/data/vmo-ai-task/anhdh35/FastWAM/runs/loopwam_nt/dense_v2_job4659_20261006/v2_evaluation/videos/2026_10_06-11_58_45--episode=task5_trial9--success=True--task=pick_up_the_book_and_place_it_in_the_back_compartm.mp4
v2,6,put the white mug on the plate and put the chocolate pudding to the right of the plate,0,0,600042,True,False,212,22,31.012968356721103,/mnt/data/vmo-ai-task/anhdh35/FastWAM/runs/loopwam_nt/dense_v2_job4659_20261006/v2_evaluation/videos/2026_10_06-11_58_45--episode=task6_trial0--success=True--task=put_the_white_mug_on_the_plate_and_put_the_chocola.mp4
v2,6,put the white mug on the plate and put the chocolate pudding to the right of the plate,1,1,601042,True,False,212,22,31.610881069209427,/mnt/data/vmo-ai-task/anhdh35/FastWAM/runs/loopwam_nt/dense_v2_job4659_20261006/v2_evaluation/videos/2026_10_06-11_58_45--episode=task6_trial1--success=True--task=put_the_white_mug_on_the_plate_and_put_the_chocola.mp4
v2,6,put the white mug on the plate and put the chocolate pudding to the right of the plate,2,2,602042,True,False,212,22,31.289520397316664,/mnt/data/vmo-ai-task/anhdh35/FastWAM/runs/loopwam_nt/dense_v2_job4659_20261006/v2_evaluation/videos/2026_10_06-11_58_45--episode=task6_trial2--success=True--task=put_the_white_mug_on_the_plate_and_put_the_chocola.mp4
v2,6,put the white mug on the plate and put the chocolate pudding to the right of the plate,3,3,603042,True,False,196,20,28.919488274957985,/mnt/data/vmo-ai-task/anhdh35/FastWAM/runs/loopwam_nt/dense_v2_job4659_20261006/v2_evaluation/videos/2026_10_06-11_58_45--episode=task6_trial3--success=True--task=put_the_white_mug_on_the_plate_and_put_the_chocola.mp4
v2,6,put the white mug on the plate and put the chocolate pudding to the right of the plate,4,4,604042,True,False,204,21,29.808359234128147,/mnt/data/vmo-ai-task/anhdh35/FastWAM/runs/loopwam_nt/dense_v2_job4659_20261006/v2_evaluation/videos/2026_10_06-11_58_45--episode=task6_trial4--success=True--task=put_the_white_mug_on_the_plate_and_put_the_chocola.mp4
v2,6,put the white mug on the plate and put the chocolate pudding to the right of the plate,5,5,605042,True,False,233,24,33.46579063870013,/mnt/data/vmo-ai-task/anhdh35/FastWAM/runs/loopwam_nt/dense_v2_job4659_20261006/v2_evaluation/videos/2026_10_06-11_58_45--episode=task6_trial5--success=True--task=put_the_white_mug_on_the_plate_and_put_the_chocola.mp4
v2,6,put the white mug on the plate and put the chocolate pudding to the right of the plate,6,6,606042,True,False,208,21,31.47518770908937,/mnt/data/vmo-ai-task/anhdh35/FastWAM/runs/loopwam_nt/dense_v2_job4659_20261006/v2_evaluation/videos/2026_10_06-11_58_45--episode=task6_trial6--success=True--task=put_the_white_mug_on_the_plate_and_put_the_chocola.mp4
v2,6,put the white mug on the plate and put the chocolate pudding to the right of the plate,7,7,607042,True,False,425,43,58.71576275769621,/mnt/data/vmo-ai-task/anhdh35/FastWAM/runs/loopwam_nt/dense_v2_job4659_20261006/v2_evaluation/videos/2026_10_06-11_58_45--episode=task6_trial7--success=True--task=put_the_white_mug_on_the_plate_and_put_the_chocola.mp4
v2,6,put the white mug on the plate and put the chocolate pudding to the right of the plate,8,8,608042,True,False,195,20,28.261724061798304,/mnt/data/vmo-ai-task/anhdh35/FastWAM/runs/loopwam_nt/dense_v2_job4659_20261006/v2_evaluation/videos/2026_10_06-11_58_45--episode=task6_trial8--success=True--task=put_the_white_mug_on_the_plate_and_put_the_chocola.mp4
v2,6,put the white mug on the plate and put the chocolate pudding to the right of the plate,9,9,609042,False,True,700,70,92.42675954615697,/mnt/data/vmo-ai-task/anhdh35/FastWAM/runs/loopwam_nt/dense_v2_job4659_20261006/v2_evaluation/videos/2026_10_06-11_58_45--episode=task6_trial9--success=False--task=put_the_white_mug_on_the_plate_and_put_the_chocola.mp4
v2,7,put both the alphabet soup and the cream cheese box in the basket,0,0,700042,True,False,230,23,41.80849123094231,/mnt/data/vmo-ai-task/anhdh35/FastWAM/runs/loopwam_nt/dense_v2_job4659_20261006/v2_evaluation/videos/2026_10_06-11_58_46--episode=task7_trial0--success=True--task=put_both_the_alphabet_soup_and_the_cream_cheese_bo.mp4
v2,7,put both the alphabet soup and the cream cheese box in the basket,1,1,701042,True,False,325,33,57.725970461033285,/mnt/data/vmo-ai-task/anhdh35/FastWAM/runs/loopwam_nt/dense_v2_job4659_20261006/v2_evaluation/videos/2026_10_06-11_58_46--episode=task7_trial1--success=True--task=put_both_the_alphabet_soup_and_the_cream_cheese_bo.mp4
v2,7,put both the alphabet soup and the cream cheese box in the basket,2,2,702042,True,False,237,24,43.24818076286465,/mnt/data/vmo-ai-task/anhdh35/FastWAM/runs/loopwam_nt/dense_v2_job4659_20261006/v2_evaluation/videos/2026_10_06-11_58_46--episode=task7_trial2--success=True--task=put_both_the_alphabet_soup_and_the_cream_cheese_bo.mp4
v2,7,put both the alphabet soup and the cream cheese box in the basket,3,3,703042,True,False,236,24,43.646903357002884,/mnt/data/vmo-ai-task/anhdh35/FastWAM/runs/loopwam_nt/dense_v2_job4659_20261006/v2_evaluation/videos/2026_10_06-11_58_46--episode=task7_trial3--success=True--task=put_both_the_alphabet_soup_and_the_cream_cheese_bo.mp4
v2,7,put both the alphabet soup and the cream cheese box in the basket,4,4,704042,True,False,261,27,47.45236669201404,/mnt/data/vmo-ai-task/anhdh35/FastWAM/runs/loopwam_nt/dense_v2_job4659_20261006/v2_evaluation/videos/2026_10_06-11_58_46--episode=task7_trial4--success=True--task=put_both_the_alphabet_soup_and_the_cream_cheese_bo.mp4
v2,7,put both the alphabet soup and the cream cheese box in the basket,5,5,705042,False,True,700,70,110.66714020678774,/mnt/data/vmo-ai-task/anhdh35/FastWAM/runs/loopwam_nt/dense_v2_job4659_20261006/v2_evaluation/videos/2026_10_06-11_58_46--episode=task7_trial5--success=False--task=put_both_the_alphabet_soup_and_the_cream_cheese_bo.mp4
v2,7,put both the alphabet soup and the cream cheese box in the basket,6,6,706042,False,True,700,70,112.21393036516383,/mnt/data/vmo-ai-task/anhdh35/FastWAM/runs/loopwam_nt/dense_v2_job4659_20261006/v2_evaluation/videos/2026_10_06-11_58_46--episode=task7_trial6--success=False--task=put_both_the_alphabet_soup_and_the_cream_cheese_bo.mp4
v2,7,put both the alphabet soup and the cream cheese box in the basket,7,7,707042,True,False,238,24,42.71749187912792,/mnt/data/vmo-ai-task/anhdh35/FastWAM/runs/loopwam_nt/dense_v2_job4659_20261006/v2_evaluation/videos/2026_10_06-11_58_46--episode=task7_trial7--success=True--task=put_both_the_alphabet_soup_and_the_cream_cheese_bo.mp4
v2,7,put both the alphabet soup and the cream cheese box in the basket,8,8,708042,True,False,285,29,50.18363990588114,/mnt/data/vmo-ai-task/anhdh35/FastWAM/runs/loopwam_nt/dense_v2_job4659_20261006/v2_evaluation/videos/2026_10_06-11_58_46--episode=task7_trial8--success=True--task=put_both_the_alphabet_soup_and_the_cream_cheese_bo.mp4
v2,7,put both the alphabet soup and the cream cheese box in the basket,9,9,709042,True,False,262,27,47.325282506179065,/mnt/data/vmo-ai-task/anhdh35/FastWAM/runs/loopwam_nt/dense_v2_job4659_20261006/v2_evaluation/videos/2026_10_06-11_58_46--episode=task7_trial9--success=True--task=put_both_the_alphabet_soup_and_the_cream_cheese_bo.mp4
v2,8,put both moka pots on the stove,0,0,800042,True,False,394,40,90.53190995799378,/mnt/data/vmo-ai-task/anhdh35/FastWAM/runs/loopwam_nt/dense_v2_job4659_20261006/v2_evaluation/videos/2026_10_06-11_58_45--episode=task8_trial0--success=True--task=put_both_moka_pots_on_the_stove.mp4
v2,8,put both moka pots on the stove,1,1,801042,True,False,440,44,100.81990168383345,/mnt/data/vmo-ai-task/anhdh35/FastWAM/runs/loopwam_nt/dense_v2_job4659_20261006/v2_evaluation/videos/2026_10_06-11_58_45--episode=task8_trial1--success=True--task=put_both_moka_pots_on_the_stove.mp4
v2,8,put both moka pots on the stove,2,2,802042,True,False,383,39,89.12743209628388,/mnt/data/vmo-ai-task/anhdh35/FastWAM/runs/loopwam_nt/dense_v2_job4659_20261006/v2_evaluation/videos/2026_10_06-11_58_45--episode=task8_trial2--success=True--task=put_both_moka_pots_on_the_stove.mp4
v2,8,put both moka pots on the stove,3,3,803042,False,True,700,70,152.24909177795053,/mnt/data/vmo-ai-task/anhdh35/FastWAM/runs/loopwam_nt/dense_v2_job4659_20261006/v2_evaluation/videos/2026_10_06-11_58_45--episode=task8_trial3--success=False--task=put_both_moka_pots_on_the_stove.mp4
v2,8,put both moka pots on the stove,4,4,804042,False,True,700,70,152.603078647051,/mnt/data/vmo-ai-task/anhdh35/FastWAM/runs/loopwam_nt/dense_v2_job4659_20261006/v2_evaluation/videos/2026_10_06-11_58_45--episode=task8_trial4--success=False--task=put_both_moka_pots_on_the_stove.mp4
v2,8,put both moka pots on the stove,5,5,805042,True,False,372,38,83.96730323927477,/mnt/data/vmo-ai-task/anhdh35/FastWAM/runs/loopwam_nt/dense_v2_job4659_20261006/v2_evaluation/videos/2026_10_06-11_58_45--episode=task8_trial5--success=True--task=put_both_moka_pots_on_the_stove.mp4
v2,8,put both moka pots on the stove,6,6,806042,False,True,700,70,152.0010542748496,/mnt/data/vmo-ai-task/anhdh35/FastWAM/runs/loopwam_nt/dense_v2_job4659_20261006/v2_evaluation/videos/2026_10_06-11_58_45--episode=task8_trial6--success=False--task=put_both_moka_pots_on_the_stove.mp4
v2,8,put both moka pots on the stove,7,7,807042,True,False,419,42,92.62832295428962,/mnt/data/vmo-ai-task/anhdh35/FastWAM/runs/loopwam_nt/dense_v2_job4659_20261006/v2_evaluation/videos/2026_10_06-11_58_45--episode=task8_trial7--success=True--task=put_both_moka_pots_on_the_stove.mp4
v2,8,put both moka pots on the stove,8,8,808042,True,False,372,38,83.79426990821958,/mnt/data/vmo-ai-task/anhdh35/FastWAM/runs/loopwam_nt/dense_v2_job4659_20261006/v2_evaluation/videos/2026_10_06-11_58_45--episode=task8_trial8--success=True--task=put_both_moka_pots_on_the_stove.mp4
v2,8,put both moka pots on the stove,9,9,809042,False,True,700,70,150.8174023651518,/mnt/data/vmo-ai-task/anhdh35/FastWAM/runs/loopwam_nt/dense_v2_job4659_20261006/v2_evaluation/videos/2026_10_06-11_58_45--episode=task8_trial9--success=False--task=put_both_moka_pots_on_the_stove.mp4
v2,9,put the yellow and white mug in the microwave and close it,0,0,900042,True,False,234,24,39.674787807278335,/mnt/data/vmo-ai-task/anhdh35/FastWAM/runs/loopwam_nt/dense_v2_job4659_20261006/v2_evaluation/videos/2026_10_06-11_58_45--episode=task9_trial0--success=True--task=put_the_yellow_and_white_mug_in_the_microwave_and_.mp4
v2,9,put the yellow and white mug in the microwave and close it,1,1,901042,True,False,242,25,42.04309762688354,/mnt/data/vmo-ai-task/anhdh35/FastWAM/runs/loopwam_nt/dense_v2_job4659_20261006/v2_evaluation/videos/2026_10_06-11_58_45--episode=task9_trial1--success=True--task=put_the_yellow_and_white_mug_in_the_microwave_and_.mp4
v2,9,put the yellow and white mug in the microwave and close it,2,2,902042,False,True,700,70,108.63636321900412,/mnt/data/vmo-ai-task/anhdh35/FastWAM/runs/loopwam_nt/dense_v2_job4659_20261006/v2_evaluation/videos/2026_10_06-11_58_45--episode=task9_trial2--success=False--task=put_the_yellow_and_white_mug_in_the_microwave_and_.mp4
v2,9,put the yellow and white mug in the microwave and close it,3,3,903042,True,False,244,25,42.36023787083104,/mnt/data/vmo-ai-task/anhdh35/FastWAM/runs/loopwam_nt/dense_v2_job4659_20261006/v2_evaluation/videos/2026_10_06-11_58_45--episode=task9_trial3--success=True--task=put_the_yellow_and_white_mug_in_the_microwave_and_.mp4
v2,9,put the yellow and white mug in the microwave and close it,4,4,904042,True,False,374,38,60.32780454028398,/mnt/data/vmo-ai-task/anhdh35/FastWAM/runs/loopwam_nt/dense_v2_job4659_20261006/v2_evaluation/videos/2026_10_06-11_58_45--episode=task9_trial4--success=True--task=put_the_yellow_and_white_mug_in_the_microwave_and_.mp4
v2,9,put the yellow and white mug in the microwave and close it,5,5,905042,True,False,230,23,38.382487026043236,/mnt/data/vmo-ai-task/anhdh35/FastWAM/runs/loopwam_nt/dense_v2_job4659_20261006/v2_evaluation/videos/2026_10_06-11_58_45--episode=task9_trial5--success=True--task=put_the_yellow_and_white_mug_in_the_microwave_and_.mp4
v2,9,put the yellow and white mug in the microwave and close it,6,6,906042,False,True,700,70,103.20282965619117,/mnt/data/vmo-ai-task/anhdh35/FastWAM/runs/loopwam_nt/dense_v2_job4659_20261006/v2_evaluation/videos/2026_10_06-11_58_45--episode=task9_trial6--success=False--task=put_the_yellow_and_white_mug_in_the_microwave_and_.mp4
v2,9,put the yellow and white mug in the microwave and close it,7,7,907042,False,True,700,70,105.21444776793942,/mnt/data/vmo-ai-task/anhdh35/FastWAM/runs/loopwam_nt/dense_v2_job4659_20261006/v2_evaluation/videos/2026_10_06-11_58_45--episode=task9_trial7--success=False--task=put_the_yellow_and_white_mug_in_the_microwave_and_.mp4
v2,9,put the yellow and white mug in the microwave and close it,8,8,908042,True,False,294,30,49.00152645027265,/mnt/data/vmo-ai-task/anhdh35/FastWAM/runs/loopwam_nt/dense_v2_job4659_20261006/v2_evaluation/videos/2026_10_06-11_58_45--episode=task9_trial8--success=True--task=put_the_yellow_and_white_mug_in_the_microwave_and_.mp4
v2,9,put the yellow and white mug in the microwave and close it,9,9,909042,True,False,313,32,51.43983797216788,/mnt/data/vmo-ai-task/anhdh35/FastWAM/runs/loopwam_nt/dense_v2_job4659_20261006/v2_evaluation/videos/2026_10_06-11_58_45--episode=task9_trial9--success=True--task=put_the_yellow_and_white_mug_in_the_microwave_and_.mp4
